,ID,ANO_NACIMIENTO,RAZA,PADRE,INTERPARTO,ovder,ovizq,utero,Efectividad,DIM
1,080001,2008,F1H,H0681,350,0,0,1,28.0,236.875
2,080003,2008,F1H,H0719,329,0,0,1,40.0,240.0
3,080005,2008,F1H,H0681,321,0,0,0,66.66666667,249.0
5,080009,2008,F1H,H0681,377,1,0,1,30.0,252.33333333299998
6,080010,2008,F1H,H0681,0,0,0,0,100.0,315.0
7,080013,2008,F1H,H0719,379,0,0,1,23.52941176,201.8
8,080020,2008,F1H,H0681,371,1,0,1,42.85714286,261.75
9,080021,2008,F1H,H0719,439,1,1,1,32.14285714,233.857142857
10,080025,2008,F1H,H0681,344,0,0,0,20.0,296.0
11,080025SD,2008,F1H,BR,371,0,0,0,0.0,249.0
12,080031,2008,F1H,H0719,424,0,0,0,40.0,251.0
13,080034,2008,F1H,H0681,345,0,0,0,100.0,197.33333333299998
14,080040,2008,F1H,H0681,340,0,0,1,62.5,203.0
15,080042,2008,F1H,H0719,330,0,0,1,33.33333333,271.833333333
16,080048,2008,F1H,H0681,426,0,0,0,45.45454545,262.75
17,080054,2008,F1H,H0681,635,0,1,1,16.66666667,287.166666667
19,080057,2008,F1H,H0681,381,0,1,1,19.23076923,272.333333333
21,080069,2008,F1H,H0681,361,1,0,1,25.80645161,205.25
22,080071,2008,F1H,H0681,0,0,0,0,100.0,355.0
24,080080CA,2008,F1H,BR,534,1,0,1,16.66666667,251.16666666700002
25,080085,2008,F1H,H0681,342,0,0,0,62.5,212.66666666700002
27,080094,2008,F1H,H0681,373,0,0,0,33.33333333,213.0
28,080097,2008,F1H,H0719,0,0,0,0,100.0,115.0
29,080099SD,2008,F1H,BR,600,0,0,1,5.555555556,281.25
31,080113,2008,F1H,H0719,367,0,0,0,75.0,247.0
32,080116,2008,EC,H0681,396,0,0,0,40.0,230.0
33,080125,2008,F1H,H0681,477,1,1,1,29.41176471,213.4
34,080131,2008,F1H,H0681,384,1,0,1,18.60465116,235.28571428599997
35,080134,2008,F1H,H0719,333,0,0,1,23.07692308,298.0
36,080140,2008,EC,H0681,336,0,0,0,25.0,214.5
38,080151,2008,F1H,H0719,444,1,0,1,17.39130435,231.4
39,080153,2008,F1H,H0719,622,1,1,1,11.76470588,268.0
41,080175,2008,F1H,H0719,345,1,0,1,34.48275862,233.71428571400003
42,080177,2008,F1H,H0719,0,0,0,0,0.0,193.0
43,080180,2008,F1H,H0719,317,1,1,1,19.23076923,254.2
44,080192,2008,F1H,H0681,407,1,0,1,25.92592593,244.857142857
45,080197,2008,F1H,H0681,439,0,0,0,20.0,223.0
46,080198,2008,F1H,H0719,611,1,1,1,14.28571429,316.0
48,080211,2008,F1H,H0719,427,1,0,0,30.0,288.333333333
50,080217,2008,F1H,H0719,310,0,0,0,37.5,228.5
51,080219,2008,EC,H0719,418,0,0,1,23.33333333,268.0
52,080220,2008,F1H,H0719,0,0,0,0,100.0,189.0
54,080222,2008,F1H,H0719,335,0,0,0,25.0,252.66666666700002
55,080224,2008,F1H,H0719,309,0,0,0,100.0,150.0
56,080244,2008,F1H,H0719,376,1,0,1,33.33333333,215.5
57,080248,2008,F1H,H0719,310,0,0,0,33.33333333,305.5
58,080250SD,2008,F1H,BR,317,0,0,0,0.0,214.0
59,080252SD,2008,F1H,BR,335,1,0,1,20.0,168.83333333299998
60,08082CA,2008,F1H,BR,456,0,0,0,12.5,327.0
61,088000SD,2008,F1H,BR,445,0,0,0,25.0,276.0
62,088019SD,2008,F1H,BR,378,0,0,0,25.0,208.5
66,088067SD,2008,F1H,BR,393,0,0,0,33.33333333,204.33333333299998
67,088075SD,2008,F1H,BR,0,0,0,0,100.0,103.0
70,088085SD,2008,F1H,BR,573,0,0,0,50.0,140.33333333299998
72,088090SD,2008,F1H,BR,342,0,0,1,31.57894737,262.2
75,088108SD,2008,F1H,BR,332,0,0,0,20.0,239.5
79,088218SD,2008,F1H,BR,397,1,0,1,25.0,213.75
80,088276CP,2008,F1H,BR,369,0,0,1,25.0,214.33333333299998
82,090002HO,2009,F1H,H487,457,1,1,1,15.38461538,281.0
83,090003HO,2009,F1H,H489,380,0,0,0,50.0,253.5
84,090004HO,2009,F1H,H489,365,0,0,1,33.33333333,272.0
85,090006CP,2009,F1H,BR,439,0,0,1,23.07692308,274.6
86,090006HO,2009,F1H,H489,378,1,0,1,18.75,282.166666667
87,090007HO,2009,F1H,H590,433,1,0,1,24.32432432,263.333333333
88,090008HO,2009,F1H,H487,312,1,0,0,50.0,177.0
89,090009HO,2009,F1H,H489,318,0,0,1,30.76923077,228.625
90,090010HO,2009,F1H,H487,329,0,1,1,36.36363636,197.0
91,090011HO,2009,F1H,H489,0,0,0,0,50.0,329.0
92,090012HO,2009,F1H,H489,372,0,0,1,27.77777778,267.0
93,090013HO,2009,F1H,H487,376,1,0,0,50.0,214.25
94,090014HO,2009,F1H,H489,315,1,0,0,29.41176471,307.0
95,090015HO,2009,F1H,H487,333,1,0,1,29.03225806,260.285714286
96,090016CP,2009,F1H,BR,357,1,0,1,15.15151515,302.25
97,090016HO,2009,F1H,H590,0,1,0,0,0.0,327.0
98,090017HO,2009,F1H,H590,365,0,0,1,28.57142857,246.0
99,090018HO,2009,F1H,H489,605,0,0,1,17.64705882,257.0
100,090021HO,2009,F1H,H489,388,1,0,1,22.22222222,279.666666667
102,090024HO,2009,F1H,H489,652,1,1,0,12.5,399.0
104,090026HO,2009,F1H,H489,561,0,0,0,33.33333333,280.333333333
105,090027HO,2009,F1H,H489,299,0,0,0,100.0,224.66666666700002
106,090028HO,2009,F1H,H487,334,1,0,1,9.090909091,367.5
107,090030HO,2009,F1H,H489,682,1,1,1,8.333333332999999,308.0
108,090031HO,2009,F1H,H489,359,1,0,1,23.80952381,258.2
109,090032HO,2009,F1H,H590,487,1,1,1,15.625,222.2
110,090033HO,2009,F1H,H489,345,1,0,1,21.875,250.42857142900002
111,090034HO,2009,F1H,H489,359,1,0,1,33.33333333,207.6
112,090035HO,2009,F1H,H489,494,0,0,0,42.85714286,234.0
113,090036HO,2009,F1H,H590,656,1,1,1,25.92592593,254.16666666700002
114,090039HO,2009,F1H,H487,313,0,0,0,60.0,212.5
115,090040HO,2009,F1H,H489,463,0,0,0,57.14285714,229.0
116,090041HO,2009,F1H,H489,347,1,0,1,21.05263158,238.42857142900002
117,090042HO,2009,F1H,H489,315,1,0,1,24.390243899999998,311.0
118,090043HO,2009,F1H,H489,653,1,1,1,18.42105263,332.2
119,090044HO,2009,F1H,H489,345,1,0,1,27.27272727,237.0
120,090047HO,2009,F1H,H489,0,0,0,0,66.66666667,262.0
121,090048HO,2009,F1H,H487,355,0,0,1,33.33333333,248.4
122,090049HO,2009,F1H,H487,410,0,0,1,26.31578947,260.666666667
123,090050HO,2009,EC,H489,337,1,0,1,28.57142857,278.25
124,090051HO,2009,F1H,H590,336,0,0,0,50.0,243.33333333299998
125,090052HO,2009,F1H,H489,320,0,0,1,60.0,254.33333333299998
126,090053HO,2009,F1H,H489,593,0,0,0,33.33333333,241.5
127,090054HO,2009,F1H,H489,320,0,0,0,57.14285714,226.75
128,090055HO,2009,EC,H489,351,1,0,1,29.62962963,247.66666666700002
129,090056HO,2009,F1H,H489,395,0,0,1,25.0,243.2
130,090057HO,2009,F1H,H489,616,1,1,0,5.882352941000001,403.0
131,090058HO,2009,F1H,H489,679,1,1,0,13.04347826,379.33333333300004
132,090059HO,2009,F1H,H590,632,0,0,0,14.28571429,283.5
133,090060HO,2009,F1H,H590,576,1,1,1,9.375,426.66666666699996
134,090061HO,2009,F1H,H489,354,0,0,0,66.66666667,229.5
135,090063HO,2009,F1H,H487,323,0,0,1,22.22222222,261.0
137,090065HO,2009,F1H,H489,419,0,0,1,27.27272727,247.142857143
138,090069HO,2009,F1H,H489,410,1,1,1,15.625,268.833333333
139,090070HO,2009,F1H,H489,703,1,1,0,9.090909091,317.5
140,090072HO,2009,F1H,H590,343,0,0,0,66.66666667,234.0
143,090078HO,2009,F1H,H489,310,0,0,0,42.85714286,314.5
144,090079HO,2009,F1H,H489,335,0,0,0,66.66666667,236.0
145,090080HO,2009,F1H,H489,794,1,1,1,14.28571429,382.5
147,090082HO,2009,F1H,H487,367,0,0,1,30.43478261,235.57142857099998
148,090086HO,2009,F1H,H489,315,0,0,0,21.42857143,318.666666667
149,090088HO,2009,F1H,H590,294,1,0,1,22.58064516,237.142857143
150,090089HO,2009,F1H,H489,315,0,0,0,14.28571429,254.5
151,090090HO,2009,F1H,H489,533,1,1,1,27.27272727,260.0
152,090091CA,2009,F1H,BR,470,0,0,1,30.76923077,250.83333333299998
153,090091HO,2009,F1H,H489,369,0,0,0,100.0,260.5
154,090092HO,2009,F1H,H489,491,0,1,1,16.0,266.8
155,090094HO,2009,F1H,H489,482,1,0,1,22.85714286,293.333333333
156,090097HO,2009,F1H,H487,301,0,0,1,33.33333333,229.0
157,090099HO,2009,EC,H590,536,1,1,1,23.07692308,275.833333333
158,090101HO,2009,F1H,H489,317,1,1,1,24.13793103,247.142857143
159,090103HO,2009,EC,H489,494,0,0,1,24.13793103,243.28571428599997
160,090106HO,2009,F1H,H590,511,1,1,1,20.51282051,269.166666667
161,090107HO,2009,F1H,H489,686,1,1,1,40.0,238.0
162,090108HO,2009,F1H,H487,546,1,0,1,14.70588235,284.2
163,090109HO,2009,F1H,H489,639,1,1,1,23.80952381,255.5
164,090110HO,2009,F1H,H489,306,0,1,1,22.58064516,276.0
165,090124HO,2009,F1H,H590,383,0,0,1,17.85714286,283.0
166,090127HO,2009,F1H,H590,369,1,1,1,25.71428571,302.0
167,090128HO,2009,F1H,H489,536,1,0,1,24.0,268.166666667
168,090131HO,2009,F1H,H489,364,0,0,1,20.58823529,266.571428571
169,090132HO,2009,F1H,H489,382,1,1,1,30.0,279.333333333
170,090137HO,2009,F1H,H590,373,1,0,1,20.0,247.0
171,090140HO,2009,F1H,H487,316,0,0,0,75.0,265.5
172,090144HO,2009,F1H,H489,454,0,0,0,50.0,249.5
173,090145HO,2009,F1H,H489,355,1,0,0,28.57142857,207.66666666700002
174,090147HO,2009,F1H,H489,327,0,0,0,20.0,287.5
175,090148HO,2009,F1H,H489,659,1,0,0,15.38461538,360.5
176,090150HO,2009,F1H,H489,351,1,1,1,23.52941176,272.333333333
177,090151HO,2009,F1H,H489,0,0,0,0,0.0,261.0
178,090155HO,2009,F1H,H590,358,0,0,1,26.31578947,221.0
179,090156HO,2009,F1H,H590,349,1,1,1,24.24242424,257.857142857
180,090157HO,2009,EC,H487,566,1,1,1,7.142857143,430.0
181,090159HO,2009,F1H,H489,513,1,1,1,23.52941176,254.33333333299998
182,090161HO,2009,F1H,H489,531,1,0,1,19.44444444,302.166666667
183,090162HO,2009,F1H,H489,437,1,0,1,26.19047619,272.0
184,090163CP,2009,F1H,BR,647,1,0,1,20.83333333,265.5
185,090164HO,2009,F1H,H487,575,1,1,1,20.0,327.6
186,090167HO,2009,EC,H489,558,1,1,1,22.58064516,274.0
187,090170HO,2009,F1H,H489,552,1,0,1,17.24137931,299.4
188,090174HO,2009,F1H,H590,367,0,0,1,37.5,240.5
189,090175HO,2009,F1H,H487,535,1,1,1,34.61538462,271.714285714
190,090177HO,2009,F1H,H489,349,0,0,1,25.0,310.333333333
191,090178HO,2009,F1H,H489,0,0,0,0,100.0,313.0
192,090179HO,2009,F1H,H489,404,1,0,1,17.85714286,226.5
193,090181HO,2009,F1H,H487,539,0,0,0,33.33333333,174.66666666700002
194,090186HO,2009,F1H,HOL,388,0,0,0,20.0,205.5
195,090189HO,2009,F1H,H487,452,1,0,1,18.18181818,303.333333333
196,090193HO,2009,F1H,H489,738,0,0,0,25.0,319.0
197,090195HO,2009,F1H,H489,0,0,0,0,25.0,372.0
198,090198HO,2009,F1H,H489,433,1,0,1,20.0,255.33333333299998
199,090203HO,2009,F1H,H590,546,0,0,0,28.57142857,210.33333333299998
200,090205HO,2009,F1H,H489,640,1,0,0,31.25,422.5
201,090206HO,2009,F1H,H487,258,0,0,1,18.42105263,234.28571428599997
202,090217HO,2009,F1H,H489,752,1,1,1,7.407407407000001,410.66666666699996
203,090218HO,2009,F1H,H489,314,1,1,1,28.57142857,260.0
204,090219HO,2009,F1H,H487,320,1,0,1,35.71428571,241.33333333299998
206,090227HO,2009,F1H,H489,306,0,0,0,80.0,162.0
207,090228HO,2009,F1H,H489,338,1,0,1,24.0,273.833333333
208,090232HO,2009,F1H,H590,336,0,0,0,66.66666667,232.0
209,090233HO,2009,F1H,H487,336,0,0,0,100.0,108.0
210,090238HO,2009,EC,H489,0,1,0,0,0.0,577.0
211,090247HO,2009,F1H,H489,405,0,0,0,30.0,263.333333333
212,090250HO,2009,F1H,H489,372,0,0,0,50.0,145.0
213,090267HO,2009,F1H,H489,455,1,1,1,23.07692308,236.0
214,090269HO,2009,F1H,H590,519,1,0,1,22.22222222,259.333333333
215,090270HO,2009,F1H,H487,449,0,0,1,13.04347826,369.25
216,090273HO,2009,F1H,H489,332,1,1,1,22.22222222,255.71428571400003
217,090275HO,2009,EC,H487,337,1,1,1,17.85714286,252.66666666700002
218,090277HO,2009,F1H,H489,637,1,0,1,24.13793103,277.5
219,090294HO,2009,F1H,H489,451,0,0,0,57.14285714,162.0
220,090297HO,2009,F1H,H489,341,0,0,0,50.0,249.0
223,090303HO,2009,F1H,H489,490,1,0,1,9.090909091,225.5
224,090331HO,2009,F1H,H487,0,0,0,0,0.0,121.0
225,090332HO,2009,F1H,H487,588,0,0,0,40.0,334.5
226,090339HO,2009,F1H,H487,464,1,1,1,12.5,268.2
227,090343HO,2009,F1H,H489,0,0,0,0,66.66666667,238.5
228,090347HO,2009,F1H,H590,494,0,1,0,14.28571429,191.5
229,090351HO,2009,F1H,H487,378,1,0,1,25.0,183.83333333299998
230,090356HO,2009,F1H,HOL,515,1,1,1,17.5,271.6
231,090368HO,2009,F1H,H590,0,0,0,0,100.0,176.0
232,090369HO,2009,F1H,H489,416,0,0,0,20.0,207.0
233,090370HO,2009,F1H,H590,0,0,0,0,0.0,262.0
234,090374HO,2009,F1H,H487,317,0,0,0,33.33333333,273.333333333
235,090378HO,2009,F1H,H590,671,1,0,1,18.75,292.0
236,090384HO,2009,F1H,H489,483,1,1,1,17.85714286,235.33333333299998
237,090385HO,2009,F1H,H489,745,1,0,0,5.882352941000001,393.0
238,090386HO,2009,F1H,H487,350,0,0,1,28.125,222.0
240,090388HO,2009,F1H,H489,544,1,1,1,12.5,370.0
241,090389HO,2009,F1H,H590,256,1,0,1,19.51219512,246.33333333299998
242,090399HO,2009,F1H,H487,355,1,0,1,18.75,304.5
243,090400HO,2009,F1H,H497,337,0,0,1,22.85714286,258.333333333
244,090401HO,2009,F1H,H489,725,1,1,1,16.66666667,291.166666667
245,090402HO,2009,EC,H489,519,1,0,0,30.0,305.5
246,090404HO,2009,F1H,H487,586,1,0,0,16.66666667,310.0
247,090405HO,2009,F1H,H487,313,1,0,1,25.0,267.5
248,090406HO,2009,F1H,H487,413,1,1,1,22.58064516,324.5
249,090407HO,2009,F1H,H590,695,1,0,1,11.53846154,374.33333333300004
250,090416HO,2009,F1H,H590,0,0,0,0,33.33333333,173.0
251,090417HO,2009,F1H,H487,330,0,0,1,29.41176471,181.0
252,090418HO,2009,F1H,H487,567,0,0,1,57.14285714,199.66666666700002
253,090421HO,2009,F1H,H487,353,0,0,0,60.0,310.0
254,090422HO,2009,F1H,H489,420,0,0,0,33.33333333,217.0
255,090424HO,2009,F1H,H487,462,0,0,0,57.14285714,270.666666667
256,090425HO,2009,F1H,H489,0,0,0,0,33.33333333,282.0
257,090427HO,2009,F1H,H487,332,0,0,1,23.52941176,215.0
258,090428HO,2009,F1H,H489,523,0,1,0,20.0,248.0
259,090431HO,2009,F1H,H487,482,1,0,1,22.22222222,237.0
260,090440HO,2009,F1H,H590,0,0,0,0,100.0,260.0
261,090441HO,2009,F1H,H489,330,1,1,1,17.5,353.25
262,090442HO,2009,F1H,H590,0,1,1,0,0.0,512.0
263,090449HO,2009,F1H,H489,377,1,0,1,24.13793103,216.42857142900002
264,090450HO,2009,F1H,H590,329,0,0,0,25.0,251.5
265,090451HO,2009,F1H,H489,386,0,0,0,50.0,310.0
266,090452HO,2009,F1H,H489,411,1,1,1,19.35483871,242.83333333299998
267,090454HO,2009,F1H,H487,328,1,0,1,16.0,225.6
268,090455HO,2009,F1H,H487,341,0,1,1,23.52941176,314.5
269,090456HO,2009,F1H,H489,0,0,1,0,0.0,320.0
270,090457HO,2009,F1H,H590,365,1,1,1,18.18181818,268.0
271,090461HO,2009,EC,H590,288,0,0,0,100.0,192.66666666700002
272,090462HO,2009,F1H,H590,391,0,0,1,40.90909091,253.42857142900002
273,090466HO,2009,F1H,H489,386,0,0,0,20.0,228.0
274,090467HO,2009,F1H,H489,360,1,1,1,20.0,258.333333333
275,090471HO,2009,F1H,H489,419,0,0,1,28.57142857,213.2
276,090475HO,2009,F1H,H487,459,1,1,0,16.66666667,335.333333333
278,090479HO,2009,F1H,H590,536,1,0,1,16.66666667,357.25
279,090483HO,2009,F1H,H590,0,0,0,0,50.0,263.0
280,090484HO,2009,F1H,H487,381,1,1,1,19.51219512,324.333333333
282,090486HO,2009,F1H,H590,358,0,0,0,25.0,268.5
283,090495HO,2009,F1H,H590,347,0,0,0,25.0,272.0
284,090497HO,2009,F1H,H489,0,0,1,0,0.0,445.0
285,090498HO,2009,F1H,H489,594,1,1,1,18.51851852,342.4
286,090506HO,2009,F1H,H487,357,0,1,1,22.58064516,230.42857142900002
287,090507HO,2009,EC,H487,540,0,0,0,42.85714286,150.33333333299998
288,090509HO,2009,F1H,H487,285,1,0,1,27.27272727,262.428571429
289,090512HO,2009,F1H,H487,315,0,0,0,100.0,209.0
290,090513HO,2009,F1H,H489,385,1,0,1,26.47058824,236.142857143
291,090514HO,2009,F1H,H590,536,0,0,0,80.0,288.0
292,090517HO,2009,F1H,H487,324,0,0,0,50.0,138.5
293,090519HO,2009,F1H,H489,373,0,0,0,33.33333333,208.5
294,090523HO,2009,F1H,H487,363,0,0,1,28.57142857,241.0
295,090536HO,2009,F1H,H590,0,0,0,0,0.0,230.0
296,090537HO,2009,F1H,H489,320,0,0,1,46.66666667,200.2
297,090547HO,2009,F1H,H590,337,0,0,0,16.66666667,311.0
298,090551HO,2009,F1H,H590,732,1,0,1,6.451612902999999,383.0
299,090566HO,2009,F1H,H489,615,1,1,0,11.11111111,279.0
300,090569HO,2009,EC,H489,331,0,0,0,25.0,217.5
301,090581HO,2009,F1H,H487,331,1,0,0,15.0,246.25
302,090584HO,2009,F1H,H489,308,0,0,0,66.66666667,208.5
303,090586HO,2009,F1H,H487,329,1,0,1,17.64705882,317.5
304,090612HO,2009,F1H,H590,323,0,0,1,20.68965517,270.571428571
305,090614HO,2009,F1H,H487,657,1,0,1,22.22222222,413.66666666699996
306,090621HO,2009,F1H,H590,440,1,1,1,25.0,331.0
307,090627HO,2009,F1H,H489,0,0,0,0,0.0,182.0
308,090631HO,2009,F1H,H489,0,1,0,0,0.0,473.0
309,090640HO,2009,F1H,H590,0,1,0,0,0.0,236.0
310,090641HO,2009,F1H,H487,477,1,1,1,18.75,252.25
311,090644HO,2009,F1H,H487,0,0,0,0,50.0,222.0
312,090645HO,2009,F1H,H489,359,1,1,1,20.0,246.28571428599997
313,090648HO,2009,F1H,H489,455,0,0,0,14.28571429,208.5
314,090652HO,2009,F1H,H487,477,0,0,0,20.0,236.0
315,090678HO,2009,F1H,H489,503,1,0,1,20.0,252.4
316,090680HO,2009,F1H,H590,367,1,1,1,19.44444444,277.5
317,090683HO,2009,F1H,H487,342,0,0,0,25.0,195.0
318,090684HO,2009,F1H,H590,458,0,0,0,66.66666667,194.33333333299998
319,090685HO,2009,F1H,H487,569,1,1,1,10.71428571,383.33333333300004
320,090687HO,2009,F1H,H590,406,0,0,0,16.66666667,229.5
321,090689HO,2009,F1H,H489,371,1,0,1,14.70588235,304.6
323,090716HO,2009,EC,H590,372,0,0,1,41.66666667,266.75
324,090721HO,2009,F1H,H590,582,1,1,0,12.5,260.666666667
325,090737HO,2009,F1H,H489,330,0,1,1,19.35483871,298.2
326,090740HO,2009,F1H,H487,325,1,1,1,25.0,304.25
327,090741HO,2009,F1H,H487,315,1,0,1,25.92592593,242.66666666700002
328,090742HO,2009,F1H,H489,0,0,0,0,16.66666667,241.0
329,090743JE,2009,F1H,H487,189,0,0,1,28.57142857,225.6
330,090744HO,2009,F1H,H489,583,1,0,1,14.81481481,272.8
331,090746HO,2009,F1H,H489,549,1,1,1,30.0,240.75
332,090759HO,2009,F1H,H590,318,1,0,1,25.80645161,277.857142857
333,090766HO,2009,F1H,H487,389,0,0,1,31.03448276,272.571428571
334,090768HO,2009,F1H,H590,500,1,1,1,19.51219512,306.666666667
336,090779HO,2009,F1H,H489,606,1,0,1,14.28571429,258.5
337,090780HO,2009,F1H,H489,403,0,0,0,50.0,206.0
338,090782HO,2009,F1H,H487,0,0,0,0,0.0,209.0
339,090783HO,2009,F1H,H590,345,1,0,1,25.0,261.571428571
340,090796HO,2009,EC,H590,357,0,0,1,28.57142857,264.333333333
341,090797HO,2009,F1H,H487,365,0,0,0,40.0,300.5
342,090798HO,2009,F1H,H590,493,1,0,1,37.5,332.5
343,090812HO,2009,F1H,H489,452,1,1,1,21.875,223.142857143
344,090814HO,2009,F1H,H487,311,1,0,1,50.0,223.0
345,090816CP,2009,F1H,BR,590,0,1,1,6.25,304.333333333
346,090825HO,2009,EC,H590,463,1,1,1,15.38461538,270.333333333
348,090884HO,2009,F1H,H489,575,1,1,1,15.0,367.75
349,090895HO,2009,F1H,H489,498,1,1,1,11.11111111,297.0
350,09092CA,2009,F1H,BR,348,0,0,0,100.0,100.0
351,09096CA,2009,F1H,BR,353,0,0,0,50.0,147.5
352,09097CA,2009,F1H,BR,320,0,0,0,20.0,299.5
353,099008CP,2009,F1H,BR,353,0,0,0,25.0,66.0
354,099057CP,2009,F1H,BR,310,1,1,1,21.875,234.0
355,099235CP,2009,F1H,BR,324,0,0,1,23.33333333,233.16666666700002
356,099687CP,2009,F1H,BR,401,1,0,1,14.28571429,193.75
357,100000HO,2010,F1H,BR,0,0,0,0,0.0,221.0
358,100001CP,2010,F1H,BR,0,0,0,1,28.57142857,207.0
359,100001HO,2010,F1H,H0585,339,1,1,1,22.22222222,283.4
360,100002HO,2010,EC,H0585,509,0,0,0,40.0,183.0
361,100003HO,2010,F1H,H0584,615,1,1,1,25.64102564,265.6
362,100004HO,2010,F1H,H0584,0,0,0,0,100.0,79.0
363,100005HO,2010,F1H,H0584,0,0,1,0,60.0,158.0
364,100006HO,2010,F1H,HOL,357,0,1,0,44.44444444,295.5
365,100007HO,2010,F1H,H0584,0,0,0,0,100.0,96.0
366,100008HO,2010,F1H,H0584,407,0,0,1,33.33333333,235.66666666700002
367,100009HO,2010,F1H,H0585,417,1,1,1,16.21621622,283.8
368,100010HO,2010,F1H,H0584,388,0,0,0,33.33333333,234.0
369,100011HO,2010,F1H,H0584,665,0,1,1,15.0,259.666666667
370,100012HO,2010,F1H,H0585,0,0,0,0,14.28571429,359.0
371,100013CP,2010,F1H,BR,540,0,0,1,16.66666667,245.66666666700002
372,100013HO,2010,F1H,H0585,380,0,0,0,75.0,185.0
373,100014HO,2010,F1H,H0584,448,1,1,1,22.58064516,303.0
374,100015HO,2010,F1H,H0585,445,1,1,1,13.04347826,270.333333333
375,100016HO,2010,F1H,H0584,317,0,0,0,37.5,202.5
376,100017HO,2010,F1H,H0584,367,0,1,0,21.42857143,293.5
377,100018HO,2010,F1H,H0585,439,1,1,1,21.62162162,225.0
378,100019HO,2010,F1H,H0585,728,1,1,0,11.76470588,340.0
379,100021HO,2010,F1H,H0585,461,1,1,1,30.0,285.0
380,100022HO,2010,F1H,H0585,365,0,0,0,50.0,222.0
381,100023HO,2010,F1H,H0584,0,0,0,0,100.0,93.0
382,100024HO,2010,F1H,H0585,317,1,0,1,27.02702703,300.166666667
383,100025HO,2010,F1H,H0585,389,1,0,0,66.66666667,209.5
384,100026HO,2010,F1H,H0585,374,0,0,0,75.0,239.5
385,100027HO,2010,F1H,H0584,356,0,1,0,22.22222222,233.0
386,100028HO,2010,F1H,H0584,592,1,1,0,20.0,262.5
387,100029HO,2010,F1H,H0585,339,1,1,1,22.58064516,273.0
388,100030HO,2010,F1H,H0584,511,1,1,1,21.05263158,219.66666666700002
389,100031HO,2010,F1H,H0585,321,1,1,1,29.41176471,238.28571428599997
390,100032HO,2010,F1H,H0585,333,1,0,1,28.57142857,180.5
391,100033HO,2010,F1H,H0585,367,0,0,1,42.85714286,180.2
392,100034HO,2010,F1H,H0584,558,1,1,1,25.71428571,252.2
393,100035HO,2010,F1H,H0585,357,1,0,0,37.5,274.5
394,100036HO,2010,F1H,H0585,480,1,1,1,20.83333333,284.75
395,100037HO,2010,F1H,H0585,535,1,0,1,12.19512195,306.0
396,100038HO,2010,F1H,H0585,448,1,1,1,25.92592593,376.0
398,100040HO,2010,F1H,H0584,337,0,1,1,36.0,260.0
399,100042HO,2010,EC,H0585,416,1,1,0,28.57142857,176.0
400,100043HO,2010,F1H,H0585,760,0,1,1,58.82352941,248.0
401,100044HO,2010,F1H,H0584,339,1,0,0,27.27272727,288.0
402,100046JE,2010,F1J,JE0778,0,0,0,0,14.28571429,267.0
403,100047HO,2010,F1H,H0584,331,1,0,1,26.66666667,237.66666666700002
404,100048CP,2010,F1H,BR,0,1,0,0,0.0,230.0
405,100048HO,2010,F1H,H0585,764,1,1,1,10.52631579,363.66666666699996
408,100051CP,2010,F1H,BR,481,0,0,1,15.78947368,264.4
409,100051HO,2010,F1H,H0585,381,0,0,0,50.0,157.0
410,100052HO,2010,F1H,H0584,328,0,0,0,50.0,187.5
411,100053JE,2010,F1J,JE0778,336,0,0,1,50.0,194.5
412,100054HO,2010,F1H,H0585,472,1,1,1,30.76923077,164.0
413,100055CP,2010,F1H,BR,397,0,0,1,50.0,174.5
414,100055HO,2010,F1H,H0584,500,0,1,1,20.0,243.0
415,100056HO,2010,F1H,H0584,381,0,0,0,60.0,114.0
416,100060HO,2010,F1H,H0585,364,1,1,1,21.62162162,333.8
417,100062HO,2010,F1H,H0584,0,0,0,0,33.33333333,233.0
418,100063HO,2010,F1H,H0584,432,1,0,1,20.58823529,261.8
419,100064HO,2010,F1H,H0585,0,0,0,0,100.0,181.0
420,100065HO,2010,F1H,H0584,0,0,0,0,25.0,180.0
421,100066HO,2010,F1H,H0585,496,1,1,1,24.13793103,252.16666666700002
422,100067HO,2010,F1H,H0584,522,1,1,1,11.42857143,319.75
423,100068HO,2010,F1H,H0585,369,0,0,0,50.0,123.5
424,100069HO,2010,F1H,H0584,318,0,0,0,66.66666667,180.0
425,100070HO,2010,F1H,H0584,0,0,0,0,100.0,165.0
426,100071HO,2010,F1H,H0585,651,1,1,1,14.28571429,304.5
427,100072HO,2010,F1H,H0585,381,0,0,1,37.5,176.66666666700002
428,100073HO,2010,F1H,H0585,369,1,0,0,30.0,267.5
429,100074HO,2010,F1H,H0585,328,0,0,1,21.05263158,252.0
430,100075HO,2010,F1H,H0584,578,1,0,1,13.88888889,383.0
431,100076HO,2010,F1H,H0585,376,1,1,1,25.0,179.66666666700002
432,100077HO,2010,F1H,H0584,388,1,0,0,25.0,281.0
433,100078HO,2010,F1H,H0585,690,1,1,1,11.53846154,262.333333333
435,100080HO,2010,F1H,H0585,506,1,1,1,20.0,247.66666666700002
436,100081HO,2010,F1H,H0584,0,0,0,0,20.0,267.0
437,100082HO,2010,F1H,H0585,413,1,0,1,22.85714286,275.5
438,100083HO,2010,F1H,H0585,536,1,1,1,29.41176471,243.0
439,100085HO,2010,F1H,H0584,324,1,0,1,30.55555556,224.5
440,100086HO,2010,F1H,H0585,608,1,1,1,13.63636364,257.666666667
441,100087HO,2010,F1H,H0585,368,0,0,0,50.0,185.0
442,100088HO,2010,F1H,H0585,0,0,0,0,66.66666667,252.0
443,100089HO,2010,F1H,H0585,348,0,0,1,27.586206899999997,262.0
444,100090HO,2010,F1H,H0584,0,0,0,0,100.0,37.0
445,100091HO,2010,F1H,H0585,321,1,0,1,25.0,232.16666666700002
446,100092HO,2010,F1H,H0584,360,1,1,1,19.51219512,293.0
447,100093HO,2010,F1H,H0585,451,0,0,1,28.57142857,198.5
448,100094HO,2010,F1H,H0585,494,1,0,1,14.70588235,311.2
449,100096HO,2010,F1H,H0584,307,0,1,1,23.52941176,189.83333333299998
450,100097HO,2010,F1H,H0585,624,1,1,1,17.24137931,387.0
451,100098HO,2010,F1H,H0584,347,0,0,1,21.62162162,239.33333333299998
452,100099HO,2010,F1H,H0584,335,1,0,1,19.04761905,284.0
453,100100HO,2010,F1H,H0585,375,0,0,1,30.0,209.66666666700002
454,100101HO,2010,F1H,H0584,0,0,0,0,40.0,347.0
455,100102HO,2010,F1H,H0585,379,0,0,0,22.22222222,289.5
456,100103HO,2010,F1H,H0584,236,1,0,0,20.0,266.5
457,100104HO,2010,F1H,H0585,384,0,1,1,26.66666667,176.66666666700002
458,100104ME,2010,F1H,HOL,311,0,0,1,25.0,253.5
459,100105HO,2010,F1H,H0585,0,0,0,0,100.0,197.0
460,100106HO,2010,F1H,H0585,345,0,0,1,26.47058824,194.857142857
461,100107HO,2010,F1H,H0585,614,1,1,0,10.52631579,330.5
462,100108HO,2010,F1H,H0585,341,0,0,0,33.33333333,316.0
463,100109HO,2010,F1H,H0585,496,0,0,1,35.71428571,167.75
464,100110HO,2010,F1H,H0585,433,0,0,1,23.52941176,222.0
465,100111HO,2010,F1H,H0585,0,0,0,0,100.0,121.0
466,100113HO,2010,F1H,H0584,348,0,1,0,60.0,203.5
467,100114JE,2010,F1J,JE0761,351,0,0,0,100.0,151.5
469,100116JE,2010,F1J,J0778,372,1,1,1,18.51851852,230.4
470,100117HO,2010,F1H,H0584,344,0,1,0,28.57142857,249.0
471,100119CP,2010,F1H,BR,315,0,0,1,16.66666667,142.6
472,100119JE,2010,F1J,JE0778,522,0,0,1,20.0,227.0
473,100120HO,2010,F1H,H0584,428,0,0,0,50.0,193.5
474,100121HO,2010,F1H,H0584,370,0,0,1,33.33333333,223.0
475,100122HO,2010,F1H,H0584,0,0,0,0,14.28571429,355.0
476,100123HO,2010,F1H,H0584,0,0,0,0,33.33333333,53.0
478,100125HO,2010,F1H,H0584,0,0,0,0,16.66666667,297.0
479,100126HO,2010,F1H,H0584,0,0,0,0,66.66666667,185.0
480,100127JE,2010,F1J,JE0778,425,1,0,1,23.80952381,243.0
481,100129HO,2010,F1H,H0584,424,1,0,1,20.0,275.2
482,100130HO,2010,F1H,H0584,360,0,0,0,57.14285714,286.0
483,100131HO,2010,F1H,H0584,0,0,0,0,25.0,405.0
484,100132HO,2010,F1H,H0584,449,1,1,1,9.302325581,345.75
485,100134HO,2010,F1H,H0584,322,1,0,1,33.33333333,225.5
486,100135CP,2010,F1H,BR,0,1,1,1,22.22222222,303.0
487,100135HO,2010,F1H,H0584,321,0,1,0,28.57142857,204.5
488,100136HO,2010,F1H,H0584,515,1,0,1,15.78947368,321.5
489,100137HO,2010,F1H,H0584,513,0,0,0,30.0,186.5
490,100138HO,2010,F1H,H0584,0,1,0,0,20.0,437.0
491,100139HO,2010,F1H,H0584,0,0,0,0,30.0,380.0
492,100140HO,2010,F1H,H0584,0,0,0,0,42.85714286,308.0
493,100142HO,2010,F1H,H0584,478,0,0,0,28.57142857,149.5
494,100143HO,2010,F1H,H0584,0,0,1,0,12.5,476.0
495,100143ME,2010,F1H,HOL,569,1,1,1,12.5,455.0
497,100147HO,2010,EC,H0584,0,0,0,0,20.0,235.0
498,100148HO,2010,F1H,H0584,401,1,0,0,14.28571429,321.5
499,100150HO,2010,F1H,H0584,560,1,0,1,12.5,307.0
500,100151HO,2010,F1H,H0584,0,0,0,0,100.0,34.0
501,100152HO,2010,F1H,H0584,0,0,0,0,50.0,83.0
502,100154HO,2010,F1H,H0584,588,0,1,1,12.5,363.66666666699996
503,100156HO,2010,F1H,H0584,316,1,0,1,50.0,207.0
504,100157HO,2010,F1H,H0584,412,1,0,1,23.33333333,218.8
505,100158HO,2010,F1H,H0585,0,0,0,0,20.0,405.0
506,100160HO,2010,F1H,H0778,327,1,0,1,35.71428571,286.0
507,100164HO,2010,F1H,H0584,0,0,0,0,100.0,193.0
508,100167HO,2010,F1H,H0585,497,1,1,0,21.05263158,293.666666667
509,100170HO,2010,F1H,H0778,419,0,0,0,50.0,54.5
510,100175HO,2010,F1H,H0585,0,0,0,0,50.0,49.0
511,100178HO,2010,F1H,H0584,347,1,0,1,21.21212121,231.16666666700002
512,100179HO,2010,F1H,H0585,0,0,0,0,20.0,224.0
513,100184HO,2010,F1H,H0778,0,0,0,0,66.66666667,200.0
514,100185HO,2010,F1H,H0584,0,0,0,0,100.0,164.0
516,100191HO,2010,F1H,H0584,0,0,0,0,25.0,217.0
517,100193HO,2010,F1H,H0584,324,0,0,0,100.0,162.0
518,100195HO,2010,F1H,H0589,308,1,1,1,16.66666667,295.25
519,100196HO,2010,F1H,H0589,807,1,1,1,27.586206899999997,206.8
520,100197HO,2010,F1H,H0589,572,1,1,1,18.75,327.5
521,100199HO,2010,F1H,H0584,441,0,0,0,60.0,242.5
522,100200HO,2010,F1H,H0778,352,1,1,1,18.75,318.6
523,100201HO,2010,F1H,H0778,357,1,0,1,41.66666667,241.0
524,100202HO,2010,F1H,H0589,338,0,1,1,22.58064516,270.8
525,100203HO,2010,F1H,H0585,328,1,0,0,26.66666667,151.5
526,100204HO,2010,F1H,H0584,0,0,0,0,25.0,45.0
527,100206HO,2010,F1H,H0584,629,1,1,1,15.38461538,311.0
528,100207HO,2010,F1H,H0589,354,1,0,0,50.0,145.0
529,100207ME,2010,F1H,HOL,0,0,0,1,50.0,9.0
530,100208HO,2010,F1H,H0585,332,1,1,1,17.24137931,293.8
531,100209HO,2010,F1H,H0778,301,1,0,1,22.85714286,259.833333333
532,100213HO,2010,F1H,H0585,0,0,0,0,100.0,39.0
533,100215CP,2010,F1H,BR,556,1,1,1,11.11111111,381.0
534,100215HO,2010,F1H,H0584,0,0,0,0,50.0,168.0
536,100218HO,2010,F1H,H0585,382,1,0,1,25.0,210.0
537,100225HO,2010,F1H,H0585,412,0,0,1,25.0,287.75
538,100226HO,2010,F1H,H0584,0,1,0,0,33.33333333,493.0
539,100232HO,2010,F1H,H0585,373,0,0,1,23.33333333,240.2
540,100234HO,2010,EC,H0584,332,0,0,0,40.0,278.0
541,100235HO,2010,F1H,H0584,318,0,0,1,40.0,212.5
542,100237HO,2010,F1H,H0585,0,0,0,0,30.0,355.0
543,100238HO,2010,F1H,H0589,0,0,0,0,33.33333333,431.0
544,100242CP,2010,F1H,BR,390,0,0,1,20.0,190.0
545,100245CP,2010,F1H,BR,357,1,0,1,17.85714286,224.0
546,100246CP,2010,F1H,BR,551,1,1,1,15.625,281.666666667
547,100247CP,2010,F1H,BR,373,1,0,1,18.75,162.66666666700002
548,100249CP,2010,F1H,BR,586,1,0,1,8.333333332999999,335.0
549,100254HO,2010,F1H,H1297,362,0,0,0,66.66666667,42.0
550,100255HO,2010,F1H,H0589,430,1,0,1,27.27272727,244.25
551,100256HO,2010,F1H,H0585,380,1,1,1,26.47058824,251.83333333299998
552,100258HO,2010,F1H,H0584,573,1,0,1,13.33333333,366.25
553,100264CP,2010,F1H,BR,577,1,1,1,19.35483871,186.8
554,100268HO,2010,F1H,H0585,320,0,0,1,80.0,176.0
555,100278CP,2010,F1H,BR,445,1,0,1,13.33333333,239.25
556,100280HO,2010,F1H,H0778,0,0,0,0,50.0,32.0
557,100291HO,2010,F1H,H1297,0,0,0,0,25.0,211.0
558,100297HO,2010,F1H,H0585,321,0,0,1,31.57894737,165.83333333299998
559,100299HO,2010,F1H,H0585,0,0,0,0,50.0,47.0
560,100301HO,2010,F1H,H0585,335,1,0,1,26.66666667,274.0
561,100309CP,2010,F1H,BR,393,1,0,1,29.41176471,249.0
562,100317HO,2010,F1H,H0585,0,0,0,0,25.0,159.0
563,100320HO,2010,F1H,H0585,422,0,0,1,28.125,307.0
564,100321HO,2010,F1H,H0584,0,0,0,0,25.0,48.0
565,100322HO,2010,F1H,H0585,0,0,0,0,14.28571429,228.0
566,100328HO,2010,F1H,H0778,312,0,0,1,53.33333333,205.4
567,100332HO,2010,F1H,H0778,0,0,0,0,50.0,42.0
568,100337CP,2010,F1H,BR,345,1,0,1,21.42857143,179.8
569,100338HO,2010,F1H,H0778,368,1,0,1,20.58823529,193.66666666700002
570,100339CP,2010,F1H,BR,0,0,0,0,33.33333333,241.0
571,100340HO,2010,F1H,H0584,725,1,1,1,10.0,446.33333333300004
573,100347HO,2010,EC,H0778,333,0,0,1,25.71428571,278.166666667
574,100351CP,2010,F1H,BR,523,1,1,1,19.23076923,273.0
575,100351HO,2010,F1H,H0585,0,0,0,1,12.5,369.0
576,100352CP,2010,F1H,BR,542,1,0,1,21.21212121,356.5
577,100352HO,2010,F1H,H0778,655,1,0,1,19.23076923,291.25
579,100370HO,2010,F1H,H0585,327,1,0,1,23.80952381,341.0
580,100373HO,2010,F1H,H0589,501,0,0,0,16.66666667,308.666666667
581,100377HO,2010,F1H,H0778,447,0,0,1,21.875,255.83333333299998
582,100387HO,2010,F1H,H0585,539,1,1,1,21.62162162,292.4
583,100388HO,2010,F1H,H1297,407,1,0,1,40.0,105.0
584,100389HO,2010,F1H,H0585,173,1,0,1,28.57142857,249.4
586,100394HO,2010,EC,H0585,323,1,0,1,50.0,178.5
587,100402HO,2010,F1H,H1297,0,0,0,0,33.33333333,60.0
588,100406HO,2010,F1H,H0589,336,0,0,0,50.0,266.0
589,100412HO,2010,F1H,H0584,376,1,0,1,18.91891892,348.25
590,100413HO,2010,F1H,H0584,713,1,0,1,17.64705882,180.33333333299998
591,100417HO,2010,F1H,H1297,343,1,0,1,25.0,220.16666666700002
592,100419HO,2010,F1H,H1297,321,0,0,0,40.0,190.0
593,100423HO,2010,F1H,H0584,322,1,0,1,20.0,253.6
594,100424HO,2010,F1H,H0584,0,0,0,0,12.5,245.0
595,100425HO,2010,F1H,H0584,582,1,1,1,18.51851852,325.333333333
597,100429HO,2010,F1H,H0778,0,0,0,0,33.33333333,167.0
598,100430HO,2010,F1H,H0778,305,0,0,1,26.66666667,259.0
599,100431HO,2010,F1H,H0778,0,0,0,0,66.66666667,35.0
600,100433HO,2010,F1H,H0589,0,0,0,0,50.0,178.0
601,100434HO,2010,F1H,H0585,436,0,0,0,66.66666667,174.5
602,100435HO,2010,F1H,HOL,357,1,1,1,24.32432432,300.2
603,100436HO,2010,F1H,H0585,0,0,0,0,16.66666667,273.0
604,100437HO,2010,F1H,H0584,605,0,0,0,18.75,314.5
605,100438HO,2010,F1H,H0585,413,0,0,0,66.66666667,279.0
606,100439HO,2010,F1H,H0584,0,0,0,0,100.0,154.0
607,100440HO,2010,F1H,H0778,322,0,1,1,29.62962963,277.6
608,100441HO,2010,F1H,H0778,359,0,0,1,15.0,278.666666667
610,100443HO,2010,F1H,H0589,0,0,0,0,100.0,159.0
611,100448HO,2010,F1H,H0585,351,0,0,1,25.0,264.4
613,100450HO,2010,F1H,H0585,591,1,0,1,18.18181818,294.333333333
614,100451HO,2010,F1H,H1297,364,0,0,1,36.0,214.57142857099998
615,100452HO,2010,F1H,H0589,364,0,0,1,22.22222222,195.0
616,100458HO,2010,F1H,H0589,457,1,1,1,21.73913043,303.25
617,100459HO,2010,F1H,H0778,0,0,0,0,25.0,208.0
618,100460HO,2010,F1H,H0589,338,0,0,1,27.77777778,269.25
619,100461HO,2010,F1H,H0778,376,1,1,1,25.0,269.4
620,100463HO,2010,F1H,H0589,0,1,0,0,14.28571429,421.0
621,100464HO,2010,F1H,H0778,0,1,0,0,11.11111111,376.0
623,100476HO,2010,F1H,H0585,318,1,0,1,21.21212121,259.6
624,100480HO,2010,F1H,H0778,0,0,0,0,16.66666667,223.0
625,100481HO,2010,F1H,H0585,664,1,1,1,9.090909091,412.5
626,100485HO,2010,F1H,H0589,397,0,0,0,42.85714286,123.0
627,100487HO,2010,F1H,H0584,0,0,0,0,33.33333333,178.0
628,100489HO,2010,F1H,H0778,0,0,0,0,33.33333333,8.0
630,100497HO,2010,F1H,H0778,314,1,1,1,20.0,298.4
631,100498HO,2010,F1H,H0584,358,1,1,1,18.51851852,284.4
632,100504HO,2010,F1H,H0585,321,0,0,1,36.36363636,172.0
633,100505HO,2010,F1H,H0778,308,1,1,1,12.19512195,293.25
634,100509HO,2010,F1H,H0584,489,0,0,0,18.18181818,228.5
635,100510HO,2010,F1H,H0589,444,0,0,0,57.14285714,220.5
636,100520HO,2010,F1H,H0584,0,1,0,0,16.66666667,294.0
638,100526HO,2010,F1H,H0778,0,0,0,0,33.33333333,86.0
639,100527HO,2010,EC,HO0681,0,0,0,0,50.0,338.0
640,100529HO,2010,F1H,H0585,433,1,0,1,18.91891892,251.25
641,100530HO,2010,F1H,H0585,441,0,0,1,19.04761905,248.75
643,100534HO,2010,F1H,H0585,595,0,0,1,17.64705882,170.66666666700002
644,100539HO,2010,F1H,H0778,313,0,0,1,20.0,165.0
645,100540HO,2010,F1H,H0585,548,1,0,1,13.79310345,299.333333333
646,100542HO,2010,F1H,H0584,0,0,0,0,20.0,131.0
647,100544HO,2010,F1H,H0585,662,1,1,1,21.21212121,216.66666666700002
648,100551HO,2010,EC,H0589,456,0,0,1,20.0,229.0
649,100552HO,2010,EC,H0589,0,0,0,0,33.33333333,86.0
651,100561HO,2010,F1H,H0778,0,0,0,0,33.33333333,168.0
652,100563HO,2010,F1H,H0585,420,0,1,1,25.92592593,308.6
653,100564HO,2010,F1H,H0584,0,0,0,0,40.0,271.0
654,100576HO,2010,F1H,H0585,0,1,0,0,28.57142857,353.0
655,100600HO,2010,F1H,H0585,0,1,0,1,28.57142857,467.0
656,100602HO,2010,F1H,H0589,382,1,0,1,24.32432432,178.0
657,100603HO,2010,F1H,H0585,0,0,0,0,16.66666667,173.0
658,100618HO,2010,F1H,H0585,437,0,0,0,50.0,40.5
659,100620HO,2010,F1H,H0585,0,0,0,0,25.0,122.0
660,100621HO,2010,F1H,H0585,320,1,0,1,22.85714286,268.4
661,100622HO,2010,F1H,H0589,453,1,1,1,19.35483871,329.25
662,100625HO,2010,F1H,H0585,442,0,0,1,30.0,245.33333333299998
663,100626HO,2010,F1H,H0589,629,1,0,1,25.0,241.2
664,100629HO,2010,F1H,H0778,543,0,0,1,40.0,188.5
665,100649HO,2010,F1H,H0778,571,1,0,1,18.18181818,260.5
666,100661HO,2010,F1H,H0778,414,1,0,1,18.18181818,277.4
667,100665HO,2010,F1H,H0589,0,0,0,0,100.0,125.0
668,100669HO,2010,F1H,H0778,304,1,1,1,15.78947368,229.33333333299998
669,100671HO,2010,F1H,H0589,392,1,0,1,22.85714286,262.5
670,100674HO,2010,F1H,H0778,191,1,0,1,41.66666667,193.66666666700002
671,100678HO,2010,F1H,H0589,335,1,0,1,24.24242424,267.166666667
672,100681HO,2010,F1H,H0585,332,1,0,1,19.44444444,236.8
673,100682HO,2010,F1H,H0585,539,0,0,1,20.0,313.0
674,100685HO,2010,F1H,H0589,453,1,0,1,33.33333333,239.2
675,100705HO,2010,F1H,H0778,0,0,0,0,33.33333333,132.0
676,100707HO,2010,F1H,H0778,0,1,0,1,14.28571429,412.0
677,100708HO,2010,F1H,H0778,493,0,1,1,39.28571429,350.75
679,100721HO,2010,F1H,H0585,646,0,0,0,33.33333333,166.0
680,100738HO,2010,F1H,H0778,0,0,0,0,66.66666667,273.0
681,100743HO,2010,F1H,H0681,436,0,0,1,42.85714286,160.5
682,100744HO,2010,F1H,H0589,498,1,1,1,20.0,228.5
683,100745HO,2010,F1H,H0589,416,0,1,1,16.66666667,237.0
684,100747HO,2010,F1H,H0589,327,1,0,1,26.66666667,274.166666667
685,100764HO,2010,F1H,H0778,671,1,1,1,16.12903226,334.0
686,100767HO,2010,F1H,H0778,520,1,0,1,20.51282051,378.75
687,100769HO,2010,F1H,H0585,350,0,0,1,24.390243899999998,204.33333333299998
688,100770HO,2010,F1H,H0778,347,0,0,1,38.46153846,338.666666667
689,100783HO,2010,F1H,H0584,381,0,1,0,16.66666667,216.66666666700002
690,100785HO,2010,F1H,H0589,302,0,0,0,50.0,155.0
691,100786HO,2010,F1H,H0778,358,0,0,0,30.0,195.0
693,100788HO,2010,F1H,H0585,398,1,0,1,21.21212121,291.75
694,100789HO,2010,F1H,H0589,0,0,0,0,25.0,286.0
695,100807HO,2010,F1H,H0585,0,0,0,0,50.0,172.0
696,100810HO,2010,F1H,H0778,0,0,0,0,20.0,147.0
698,100816HO,2010,F1H,H0585,0,1,0,1,11.11111111,292.0
699,100824HO,2010,F1H,H0681,428,0,0,1,50.0,162.5
700,100827HO,2010,F1H,H0681,588,1,0,0,11.76470588,352.0
701,100844HO,2010,EC,H0585,391,1,1,1,19.51219512,372.5
702,100845HO,2010,F1H,H0681,478,1,1,1,17.94871795,292.75
703,100853HO,2010,F1H,H0585,448,0,0,1,33.33333333,203.66666666700002
704,100856HO,2010,F1H,H0585,0,0,0,0,40.0,200.0
705,100859HO,2010,F1H,H0585,450,1,0,1,19.35483871,274.5
707,100870HO,2010,F1H,H0589,0,0,0,0,40.0,371.0
708,100886HO,2010,F1H,H0681,305,0,1,1,44.44444444,145.5
709,100887HO,2010,F1H,H0585,526,0,0,1,27.27272727,247.6
710,100889HO,2010,F1H,H0585,385,1,0,1,21.42857143,317.6
711,100890HO,2010,F1H,H0585,366,0,0,1,25.92592593,263.0
712,100898HO,2010,F1H,HOL,203,0,0,0,60.0,113.0
713,100901HO,2010,F1H,H0585,0,0,0,0,33.33333333,96.0
714,100902HO,2010,F1H,H0589,326,0,0,1,26.31578947,188.75
715,100935HO,2010,F1H,H0681,335,0,0,1,28.57142857,216.6
716,100937HO,2010,F1H,H0681,584,1,0,1,15.0,258.0
717,100939HO,2010,F1H,H0681,0,0,0,0,50.0,35.0
718,100941HO,2010,F1H,H0681,683,1,1,1,20.0,299.8
719,100948HO,2010,F1H,H0681,312,1,0,1,29.03225806,244.66666666700002
720,100949HO,2010,F1H,H0585,342,0,0,1,27.77777778,286.666666667
721,100953HO,2010,F1H,H0681,498,0,0,0,37.5,259.666666667
722,100955HO,2010,F1H,H0681,338,1,0,0,36.36363636,160.0
723,100958HO,2010,F1H,HO0681,0,0,0,0,33.33333333,118.0
724,101000HO,2010,F1H,H0681,419,0,0,1,25.0,163.5
725,101004HO,2010,F1H,H0681,329,0,1,1,21.62162162,225.66666666700002
726,101005HO,2010,F1H,H0681,320,0,0,0,83.33333333,123.0
727,101084CP,2010,F1H,BR,380,0,1,1,20.51282051,318.0
728,110000HO,2011,F1H,BR,418,1,0,1,23.33333333,288.0
729,110003CA,2011,F1H,HOL,382,0,0,1,23.07692308,202.33333333299998
731,110008JE,2011,F1J,JE5181,0,0,0,0,40.0,112.0
732,110009HO,2011,F1H,HO7681,388,1,0,1,20.0,208.4
735,110012HO,2011,F1H,HO7681,0,0,0,1,33.33333333,97.0
741,110016HO,2011,F1H,HO7816,0,0,0,0,33.33333333,0.0
742,110017HO,2011,F1H,HO7681,415,1,0,1,17.64705882,225.33333333299998
743,110018HO,2011,EC,HO8161,365,0,1,1,28.0,224.16666666700002
745,110019HO,2011,F1H,HO8161,515,0,1,1,25.0,158.33333333299998
747,110020HO,2011,F1H,HO7681,0,0,0,0,9.090909091,346.0
749,110021HO,2011,F1H,HO7816,719,1,1,1,7.407407407000001,349.5
751,110022JE,2011,F1J,JE5181,0,1,0,0,25.0,159.0
752,110023HO,2011,F1H,HO8161,329,1,0,1,18.18181818,286.5
754,110025HO,2011,F1H,HO7681,0,0,0,0,50.0,43.0
756,110026JE,2011,F1J,JE5181,527,1,1,1,25.0,200.33333333299998
757,110027HO,2011,F1H,HO7681,662,1,1,1,10.52631579,444.33333333300004
758,110028HO,2011,F1H,HO7816,563,1,1,1,14.28571429,275.5
760,110029HO,2011,F1H,HO8161,326,1,0,1,20.0,187.6
764,110033HO,2011,F1H,HO7681,391,1,1,1,11.11111111,195.25
765,110034HO,2011,F1H,HO8161,0,0,0,0,66.66666667,187.0
766,110035HO,2011,F1H,HO7681,334,1,0,1,23.07692308,219.4
767,110036HO,2011,F1H,HO7681,342,0,1,1,33.33333333,225.0
768,110037HO,2011,F1H,HO8161,433,1,1,1,27.02702703,206.75
769,110038HO,2011,F1H,HO7681,332,0,1,1,21.42857143,182.33333333299998
772,110041HO,2011,F1H,HO7681,415,0,0,1,33.33333333,269.6
774,110044HO,2011,F1H,HO7681,601,1,1,1,14.70588235,264.75
775,110045HO,2011,F1H,HO7681,400,1,1,1,14.70588235,291.333333333
777,110046HO,2011,EC,HO7681,339,0,0,1,25.0,165.5
779,110047HO,2011,F1H,HO8161,0,0,0,1,50.0,304.0
781,110049JE,2011,F1J,JERSEY,401,1,1,1,15.38461538,232.25
783,110050JE,2011,F1J,JE5181,315,0,1,1,25.0,224.5
787,110053HO,2011,F1H,HO7681,361,1,1,1,21.05263158,181.75
788,110054HO,2011,F1H,HO7681,521,1,0,1,20.51282051,264.0
789,110056HO,2011,F1H,HO7681,320,1,1,0,15.38461538,286.5
791,110057HO,2011,F1H,HOL,0,1,0,0,10.0,327.0
792,110058HO,2011,F1H,HO7681,580,0,0,1,19.04761905,155.5
793,110059HO,2011,F1H,HO7816,442,1,0,1,30.55555556,308.75
794,110060JE,2011,F1J,JE5181,492,1,1,1,17.14285714,323.5
795,110061HO,2011,F1H,HO7681,0,1,0,1,25.0,252.0
799,110063HO,2011,F1H,HO7681,0,0,0,0,50.0,0.0
800,110064HO,2011,F1H,HO8161,385,0,1,1,26.66666667,186.0
802,110065HO,2011,F1H,HO7681,316,1,0,1,23.07692308,191.5
804,110066HO,2011,F1H,HO7681,346,1,0,1,25.0,291.5
806,110067HO,2011,F1H,HO7681,0,0,1,0,33.33333333,211.0
808,110069HO,2011,F1H,HO7681,0,1,0,0,37.5,265.0
809,110070HO,2011,F1H,HO7681,316,0,0,1,21.21212121,268.2
810,110071HO,2011,F1H,HO7681,0,0,0,1,11.11111111,226.0
812,110075HO,2011,F1H,HO7681,322,1,0,1,30.0,192.0
814,110076HO,2011,F1H,HO7681,413,0,0,1,16.66666667,217.5
815,110078HO,2011,F1H,HO7681,415,0,0,1,17.64705882,225.0
817,110081HO,2011,F1H,HO7681,371,1,0,1,40.0,140.0
819,110082HO,2011,F1H,HO7681,0,0,0,1,25.0,211.0
821,110084HO,2011,F1H,HO7681,0,0,0,0,14.28571429,301.0
831,110096HO,2011,F1H,HO7681,337,1,0,1,21.42857143,271.5
833,110098HO,2011,F1H,HO7681,360,1,0,0,50.0,97.5
834,110100HO,2011,F1H,HO8161,359,1,1,1,28.0,287.8
837,110102HO,2011,F1H,HO6440,487,0,0,1,11.11111111,384.0
840,110106HO,2011,F1H,HO7681,298,1,0,1,36.36363636,226.0
846,110114HO,2011,F1H,HO8516,513,1,1,1,25.0,284.5
847,110115HO,2011,F1H,HO0585,0,1,0,1,16.66666667,209.0
848,110115ME,2011,F1H,HOL,301,1,0,1,27.27272727,262.5
849,110116HO,2011,F1H,HO7681,540,1,1,1,21.42857143,234.0
850,110118HO,2011,F1H,HO7681,401,1,1,1,15.15151515,370.66666666699996
852,110120HO,2011,F1H,HO7816,335,1,1,1,18.51851852,236.25
857,110126HO,2011,F1H,HO7681,676,1,1,1,7.894736842,392.0
860,110128HO,2011,F1H,HO0585,330,0,1,1,16.66666667,226.2
867,110135HO,2011,F1H,HOL,630,0,0,1,11.11111111,302.0
868,110136HO,2011,F1H,HO7681,600,1,1,1,16.0,312.333333333
870,110139HO,2011,EC,HO0585,0,1,0,0,12.5,268.0
871,110139ME,2011,F1H,HOL,402,0,1,1,18.75,322.0
874,110141HO,2011,F1H,HO6440,637,1,1,1,14.81481481,280.0
876,110142HO,2011,F1H,HO7681,383,1,0,1,11.11111111,375.0
883,110154HO,2011,F1H,HO6440,584,1,1,1,10.52631579,249.5
885,110155HO,2011,F1H,HO8516,428,1,1,1,18.18181818,274.0
886,110157HO,2011,F1H,HO0585,397,0,0,0,100.0,122.0
887,110158HO,2011,F1H,HO0585,0,1,0,1,7.142857143,345.0
890,110160HO,2011,F1H,HO6440,440,1,1,1,27.586206899999997,222.25
894,110164HO,2011,F1H,HO8516,333,0,0,1,21.73913043,255.5
895,110165HO,2011,F1H,HO8516,325,1,0,1,28.57142857,183.0
896,110166HO,2011,F1H,HO7681,326,1,1,0,22.22222222,219.5
897,110168HO,2011,F1H,HO8745,314,0,0,1,29.16666667,162.5
899,110177HO,2011,F1H,HO8516,321,0,0,1,23.52941176,317.666666667
900,110178HO,2011,F1H,HO8745,539,0,1,1,21.42857143,218.33333333299998
901,110179HO,2011,F1H,HO778,277,0,0,1,38.46153846,185.0
904,110183HO,2011,F1H,HO8745,312,1,0,1,20.0,184.8
907,110185HO,2011,F1H,HO6440,310,1,0,1,19.23076923,221.75
911,110188HO,2011,F1H,HO7816,393,0,0,1,18.91891892,246.2
917,110192HO,2011,F1H,HO6440,0,0,0,0,14.28571429,473.0
919,110198HO,2011,F1H,HO0585,314,0,1,1,33.33333333,185.0
921,110199HO,2011,F1H,HO6440,546,1,1,1,22.72727273,287.25
923,110203HO,2011,F1H,HO8745,305,0,0,1,28.0,187.25
924,110204ME,2011,F1H,HOL,380,0,0,1,18.18181818,277.0
926,110205HO,2011,F1H,HO8516,427,1,0,1,22.58064516,227.25
927,110207HO,2011,F1H,HO6440,317,1,0,1,14.28571429,254.0
928,110208HO,2011,F1H,HO7681,388,1,0,1,17.24137931,372.0
929,110209HO,2011,F1H,HOL,380,1,0,1,33.33333333,133.0
930,110212HO,2011,F1H,HO778,338,0,0,1,22.58064516,255.0
931,110212ME,2011,F1H,HOL,0,0,0,1,50.0,18.0
932,110214HO,2011,F1H,HO7681,510,0,0,1,11.76470588,266.5
933,110217HO,2011,F1H,HO7681,0,0,0,0,25.0,82.0
937,110220HO,2011,F1H,HO6440,484,1,1,1,22.58064516,253.75
939,110221HO,2011,F1H,HO6440,610,1,1,1,16.66666667,362.33333333300004
942,110229HO,2011,F1H,HO7681,689,1,1,1,11.11111111,301.5
946,110232HO,2011,F1H,HO7681,0,0,0,0,14.28571429,235.0
950,110236HO,2011,F1H,HO6440,589,1,0,1,11.76470588,321.666666667
953,110245HO,2011,F1H,HO7681,317,1,1,1,28.57142857,190.0
957,110250HO,2011,EC,HO7681,588,0,0,1,11.76470588,240.5
960,110252HO,2011,F1H,HO8745,411,0,1,1,30.76923077,139.0
961,110253HO,2011,F1H,HO7681,0,1,1,1,5.555555556,466.0
964,110256HO,2011,F1H,HO6440,560,1,1,1,18.51851852,252.75
966,110257HO,2011,F1H,HO7681,446,1,1,1,17.24137931,261.0
967,110259HO,2011,EC,HO7681,359,0,0,1,26.92307692,231.6
969,110260HO,2011,F1H,HO6440,386,0,0,1,25.0,185.0
972,110264HO,2011,F1H,HO778,0,0,1,0,50.0,208.0
975,110269HO,2011,F1H,HO6440,0,1,1,1,7.142857143,470.0
979,110275HO,2011,F1H,HO7681,411,1,0,1,25.92592593,255.75
981,110280HO,2011,F1H,HO7681,319,0,0,1,50.0,202.25
983,110281HO,2011,F1H,HO7681,0,0,0,0,16.66666667,196.0
985,110282HO,2011,F1H,HO8516,430,1,1,1,7.407407407000001,387.66666666699996
990,110287HO,2011,F1H,HO7681,321,1,0,1,19.35483871,279.0
991,110290HO,2011,F1H,HO0589,0,0,0,1,40.0,150.0
992,110291HO,2011,F1H,HO7681,441,0,1,1,23.33333333,189.2
996,110298HO,2011,F1H,HO7681,345,0,0,1,33.33333333,149.0
999,110304HO,2011,F1H,HO8161,400,1,0,1,13.33333333,207.5
1001,110305HO,2011,F1H,HO8161,414,0,0,1,23.52941176,268.0
1009,110314HO,2011,F1H,HO8745,358,1,1,1,12.90322581,221.5
1010,110316HO,2011,F1H,HO0589,361,1,0,1,13.51351351,221.75
1012,110319HO,2011,F1H,HO0681,408,1,0,1,26.66666667,153.66666666700002
1016,110329HO,2011,F1H,HO0681,361,1,0,1,14.70588235,216.5
1019,110335HO,2011,F1H,HO8161,530,1,1,1,15.38461538,298.75
1021,110337HO,2011,F1H,HO0681,375,1,0,1,18.91891892,303.333333333
1022,110338HO,2011,F1H,HO8745,333,0,0,1,36.36363636,179.66666666700002
1023,110339HO,2011,F1H,H0681,311,0,0,1,31.25,202.33333333299998
1024,110340HO,2011,F1H,HO7681,0,0,0,0,33.33333333,98.0
1026,110341JE,2011,F1J,JE5181,322,1,0,1,16.66666667,209.5
1028,110342HO,2011,F1H,HO8161,327,1,0,1,25.80645161,255.2
1030,110343HO,2011,F1H,HO7681,343,1,0,1,14.70588235,249.2
1043,110355HO,2011,F1H,HO7681,0,1,1,0,16.66666667,393.0
1046,110358HO,2011,F1H,HO8161,369,1,0,1,16.66666667,175.5
1047,110359HO,2011,F1H,HO8161,367,1,1,1,25.0,250.2
1049,110360HO,2011,F1H,HO0589,326,0,0,1,25.0,255.6
1053,110367HO,2011,F1H,HO8161,402,1,1,1,21.42857143,286.25
1057,110370HO,2011,F1H,HOL,383,1,0,1,20.68965517,316.25
1058,110376HO,2011,F1H,HO8745,553,0,0,1,26.31578947,262.5
1059,110382HO,2011,F1H,HO8745,379,1,1,1,16.12903226,307.75
1060,110406HO,2011,F1H,HO0778,328,1,0,1,25.0,204.5
1061,110410HO,2011,F1H,HO8745,364,1,1,1,15.38461538,274.5
1062,110412JE,2011,F1J,JE5181,459,0,1,1,20.0,199.0
1063,110413HO,2011,F1H,H0681,493,0,0,1,25.0,180.25
1064,110417HO,2011,F1H,H0681,430,1,1,1,22.22222222,233.0
1065,110424HO,2011,F1H,H0681,308,0,0,1,21.875,222.6
1066,110426HO,2011,F1H,HO7816,527,1,1,1,14.70588235,244.75
1067,110438HO,2011,F1H,HO7816,377,1,1,1,14.28571429,299.333333333
1068,110439HO,2011,F1H,HO8745,614,1,1,1,20.0,290.25
1069,110442HO,2011,F1H,HO7816,360,1,0,1,25.0,186.5
1070,110443HO,2011,F1H,HO8516,544,0,0,1,35.71428571,187.5
1071,110450HO,2011,F1H,HO0589,349,1,0,1,19.23076923,250.25
1072,110454HO,2011,F1H,HO8516,459,1,1,1,20.68965517,233.0
1073,110462HO,2011,F1H,HO8745,0,0,0,1,14.28571429,141.0
1074,110474HO,2011,F1H,HO0585,475,1,1,1,14.70588235,330.666666667
1075,110484HO,2011,F1H,HOL,479,1,0,0,25.0,172.5
1076,110485HO,2011,F1H,HO8516,544,0,0,0,20.0,358.0
1077,110487HO,2011,F1H,HO8516,343,0,0,1,20.68965517,251.75
1078,110491HO,2011,F1H,HO0589,0,0,0,0,20.0,157.0
1079,110513HO,2011,F1H,HO0589,332,1,1,1,20.0,218.0
1080,110515HO,2011,F1H,HO0589,0,0,0,0,12.5,194.0
1081,110519HO,2011,F1H,HO0589,412,0,0,1,27.27272727,218.25
1082,110520HO,2011,F1H,HO0589,396,1,1,1,26.66666667,311.75
1083,110522HO,2011,F1H,HO0589,368,0,0,1,18.75,145.0
1084,110531HO,2011,F1H,HO0585,0,1,1,1,5.882352941000001,438.0
1085,110532HO,2011,F1H,HO7816,558,1,1,1,16.66666667,305.333333333
1086,110533HO,2011,F1H,HO0589,323,1,0,1,26.92307692,266.5
1087,110534HO,2011,F1H,HO0589,0,0,0,1,28.57142857,118.0
1088,110539HO,2011,F1H,HO7816,722,0,1,1,25.0,161.33333333299998
1089,110543HO,2011,EC,HO7816,302,0,0,1,14.28571429,299.5
1090,110547JE,2011,F1J,JERSEY,422,0,0,1,20.83333333,221.25
1091,110554HO,2011,F1H,HO8516,328,1,0,1,20.0,269.0
1092,110555HO,2011,F1H,HO8516,328,0,0,1,22.22222222,294.5
1093,110562HO,2011,F1H,H00589,363,1,0,1,19.04761905,244.0
1094,110563HO,2011,F1H,HOL,325,0,0,1,25.0,101.0
1095,110579HO,2011,F1H,HO8161,305,0,0,1,33.33333333,196.0
1096,110580HO,2011,F1H,HO0589,560,0,0,1,26.66666667,233.0
1097,110587HO,2011,F1H,HO0589,374,1,1,1,19.44444444,272.6
1098,110589HO,2011,F1H,HO8745,346,1,0,1,20.83333333,189.0
1099,110591HO,2011,F1H,HO7816,0,0,0,0,12.5,389.0
1100,110609HO,2011,F1H,HO0585,390,0,0,1,20.0,186.0
1101,110613HO,2011,F1H,HO0589,323,0,0,1,23.07692308,122.0
1102,110614HO,2011,F1H,HO0589,338,0,0,1,40.0,81.0
1103,110615HO,2011,F1H,HO7816,336,1,0,1,14.28571429,274.0
1104,110617HO,2011,F1H,HO0589,395,1,1,1,18.75,222.5
1105,110636HO,2011,F1H,HO0585,567,1,0,1,12.0,276.666666667
1106,110639HO,2011,F1H,HO8745,394,1,0,1,13.63636364,181.5
1108,110644HO,2011,F1H,H0681,323,1,0,1,20.0,189.5
1109,110654HO,2011,F1H,HO7816,398,1,1,1,17.14285714,342.333333333
1110,110657HO,2011,F1H,HO0589,0,0,0,1,16.66666667,160.0
1111,110658HO,2011,F1H,HO8745,442,1,1,1,12.0,306.0
1112,110659HO,2011,F1H,HO0589,346,0,0,1,17.64705882,271.75
1113,110660HO,2011,EC,HO8161,342,0,1,1,30.0,130.0
1114,110662HO,2011,F1H,HO8516,483,1,1,1,16.12903226,321.666666667
1115,110664HO,2011,F1H,HO0778,337,0,0,1,23.52941176,247.33333333299998
1116,110668HO,2011,F1H,HO8745,333,1,0,1,39.13043478,289.25
1117,110669HO,2011,F1H,HO8745,685,1,1,1,20.0,221.33333333299998
1118,110670HO,2011,F1H,HO8745,322,1,1,1,18.18181818,197.0
1119,110671HO,2011,F1H,H0671,0,0,0,1,14.28571429,161.0
1120,110674HO,2011,F1H,HO8745,304,1,1,1,20.83333333,234.25
1121,110687HO,2011,F1H,HO8745,398,0,0,1,20.0,236.66666666700002
1122,110688HO,2011,F1H,HO8745,515,1,0,1,10.0,221.0
1123,110691HO,2011,F1H,HO8516,319,0,0,1,28.125,242.6
1124,110693HO,2011,F1H,HO8745,330,0,0,1,27.27272727,140.5
1125,110697HO,2011,F1H,HO0681,654,1,1,1,12.5,338.666666667
1126,110698HO,2011,F1H,HO0589,345,1,1,1,21.875,229.6
1127,110705HO,2011,F1H,HO0778,311,0,0,1,20.0,196.4
1128,110707HO,2011,F1H,HO8745,306,1,0,1,20.83333333,161.5
1129,110708HO,2011,F1H,HO8516,502,1,1,1,28.0,216.2
1130,110712HO,2011,F1H,HO0585,556,1,1,1,16.66666667,321.333333333
1131,110728HO,2011,F1H,HO7816,367,0,0,1,29.41176471,267.5
1132,110735HO,2011,F1H,HO0589,413,0,0,1,20.0,271.0
1133,110737HO,2011,F1H,HO0589,323,1,1,1,27.27272727,212.5
1134,110742HO,2011,F1H,HO8516,350,1,0,1,25.0,261.6
1135,110745HO,2011,F1H,HO0589,318,0,1,1,18.51851852,251.66666666700002
1136,110747HO,2011,F1H,HO0589,0,0,0,0,20.0,147.0
1137,110754HO,2011,F1H,HO8516,548,1,1,1,13.04347826,292.333333333
1138,110769HO,2011,F1H,HO0585,539,1,1,1,11.11111111,300.666666667
1139,110770HO,2011,F1H,HO8745,359,1,0,1,12.5,294.0
1140,110775HO,2011,F1H,HO8745,370,0,0,1,33.33333333,150.0
1141,110783HO,2011,F1H,HO0589,483,1,1,1,20.0,289.5
1142,110786HO,2011,F1H,HO8745,338,1,1,1,19.35483871,228.75
1143,110794HO,2011,F1H,HO8745,354,0,1,1,15.15151515,298.0
1144,110797HO,2011,F1H,HO8745,416,1,0,1,21.875,226.4
1145,110802HO,2011,F1H,HO0589,592,0,0,1,21.05263158,232.5
1146,110807HO,2011,F1H,HO8745,618,1,1,1,25.0,237.0
1147,110810HO,2011,F1H,HO0589,337,1,0,1,18.75,279.0
1148,110811HO,2011,F1H,HO8745,447,0,0,1,16.66666667,222.5
1149,110813HO,2011,F1H,HO8516,324,0,0,1,16.66666667,188.0
1150,110814HO,2011,F1H,HO8745,382,0,0,1,27.27272727,143.0
1151,110819HO,2011,F1H,HO8516,381,1,1,1,24.13793103,220.6
1152,110820HO,2011,F1H,HO0589,917,1,1,1,17.85714286,265.0
1153,110829HO,2011,F1H,HO8745,341,0,0,1,26.66666667,117.666666667
1154,110832HO,2011,F1H,HO8745,0,1,0,1,25.0,260.0
1155,110835HO,2011,F1H,HO0585,379,0,0,1,33.33333333,190.0
1156,110837HO,2011,F1H,HO8745,532,1,1,1,20.0,230.0
1157,110838HO,2011,F1H,HO8745,453,1,1,1,25.80645161,252.0
1158,110840HO,2011,F1H,HO8745,0,0,0,0,25.0,76.0
1159,110841HO,2011,F1H,HO8745,372,0,1,1,25.0,213.6
1160,110842HO,2011,F1H,HO0589,330,1,1,1,21.21212121,217.0
1161,110848HO,2011,F1H,HO8745,343,0,0,1,38.46153846,237.0
1162,110853HO,2011,F1H,HO0681,340,1,0,1,24.13793103,257.4
1163,110854HO,2011,F1H,HO0589,639,1,0,1,26.92307692,221.0
1164,110855HO,2011,F1H,HO0589,0,0,0,0,50.0,0.0
1165,110856HO,2011,F1H,HO8745,345,0,0,1,30.0,252.0
1166,110859HO,2011,F1H,HO8745,513,1,1,1,18.51851852,258.333333333
1167,110860HO,2011,F1H,HO8745,571,1,1,1,20.68965517,265.0
1168,110866HO,2011,F1H,HO0681,341,0,0,1,21.42857143,262.0
1169,110867HO,2011,F1H,HO0681,346,1,0,1,24.13793103,160.4
1170,110870HO,2011,F1H,HO8745,0,0,0,0,50.0,69.0
1171,110873HO,2011,F1H,HO0681,357,1,1,1,17.64705882,197.0
1172,110874HO,2011,F1H,HO0681,332,0,1,1,21.73913043,264.666666667
1173,110877HO,2011,F1H,HO8745,367,0,1,1,16.12903226,220.6
1174,110879HO,2011,F1H,HO8745,309,0,0,1,22.22222222,203.0
1175,110883HO,2011,EC,HO0681,554,1,1,1,16.66666667,272.666666667
1176,110887HO,2011,F1H,HO8745,390,1,0,1,20.68965517,224.0
1177,110894HO,2011,F1H,HO0681,378,0,1,1,13.33333333,273.5
1178,110895HO,2011,F1H,HO8745,0,0,0,1,14.28571429,244.0
1179,110896HO,2011,F1H,HO8745,450,1,1,1,20.0,306.333333333
1181,110901HO,2011,F1H,HO8745,330,1,1,1,22.85714286,276.0
1182,110903HO,2011,F1H,HO7494,340,0,0,1,21.42857143,225.5
1183,110904HO,2011,F1H,HO0681,388,1,1,1,18.75,164.0
1184,110915HO,2011,F1H,HO8745,342,1,0,1,22.22222222,228.6
1185,110919HO,2011,F1H,HO8745,0,0,0,0,50.0,65.0
1186,110923HO,2011,F1H,HO0681,0,1,1,0,7.142857143,479.0
1187,110924HO,2011,F1H,HO0589,297,0,0,1,25.0,185.5
1188,110926HO,2011,F1H,HO7494,321,0,0,1,27.27272727,278.5
1189,110930HO,2011,F1H,HO0681,343,0,0,1,24.13793103,260.8
1190,110931HO,2011,F1H,HO8745,457,1,0,1,14.70588235,216.5
1191,110936HO,2011,F1H,HO7494,583,1,1,1,12.5,302.0
1192,110940HO,2011,F1H,HO8745,474,0,0,1,33.33333333,154.0
1193,110945HO,2011,F1H,HO0589,553,1,1,1,18.51851852,240.0
1194,110946HO,2011,F1H,HO8745,426,0,0,0,14.28571429,223.5
1195,110949HO,2011,F1H,HO8745,322,0,0,1,27.27272727,195.5
1196,110957HO,2011,F1H,HO7494,367,1,0,1,21.42857143,301.75
1197,110961HO,2011,F1H,HO7494,533,0,0,1,10.52631579,228.0
1198,110967HO,2011,F1H,HO7494,545,0,0,1,16.66666667,243.0
1199,110968HO,2011,EC,HO8745,490,0,0,1,30.76923077,188.0
1200,110969HO,2011,F1H,HO0681,388,0,1,1,21.875,227.0
1201,110970HO,2011,F1H,HO8745,632,1,1,1,19.04761905,276.333333333
1202,110971HO,2011,F1H,HO0681,503,1,0,1,12.12121212,333.666666667
1203,110972HO,2011,F1H,HO7494,355,1,0,1,22.58064516,208.75
1204,110975HO,2011,F1H,HO7494,401,0,0,1,25.0,278.0
1205,110979HO,2011,F1H,HO7494,327,1,0,0,12.5,335.0
1206,110982HO,2011,F1H,HO7494,319,1,1,1,13.33333333,293.0
1207,110986HO,2011,F1H,HO7494,401,1,1,1,15.625,290.666666667
1208,110990HO,2011,F1H,HO7494,330,0,0,1,21.05263158,102.333333333
1209,111003HO,2011,F1H,HO8161,647,0,1,1,22.72727273,262.75
1210,111005HO,2011,F1H,HO7494,396,1,0,1,18.42105263,241.75
1211,111016HO,2011,F1H,HO7494,405,0,0,1,21.875,321.0
1212,111019HO,2011,F1H,HO0681,337,0,0,1,23.07692308,193.4
1214,111024HO,2011,F1H,HO0681,404,1,0,1,24.13793103,222.0
1215,111029HO,2011,F1H,HO0681,303,1,0,1,27.27272727,161.5
1216,111031HO,2011,F1H,HO8161,384,1,1,1,22.58064516,270.75
1217,111049HO,2011,F1H,HO8161,357,0,0,1,23.80952381,179.0
1218,111050HO,2011,F1H,HO8161,342,0,0,1,28.57142857,216.25
1219,111053HO,2011,F1H,HO8161,431,0,0,1,31.25,229.0
1220,111054HO,2011,F1H,HO8161,391,1,1,1,23.33333333,227.2
1222,111068HO,2011,F1H,HO0681,407,1,1,1,14.28571429,214.75
1223,111070HO,2011,F1H,HO8161,317,1,1,1,24.0,190.0
1224,111073HO,2011,F1H,HO8161,326,1,0,1,26.66666667,243.2
1225,111084HO,2011,F1H,HO8161,333,0,1,1,22.58064516,237.6
1226,111097HO,2011,F1H,HO8745,371,1,0,1,21.21212121,295.75
1227,111106HO,2011,F1H,HO8161,336,0,0,1,25.0,266.4
1228,111109HO,2011,F1H,HO8161,349,0,0,1,22.22222222,258.25
1230,111124HO,2011,F1H,HO8161,211,1,0,1,28.57142857,185.33333333299998
1231,111126HO,2011,F1H,HO8161,324,1,0,1,22.22222222,243.2
1232,111131HO,2011,F1H,HO8161,343,0,0,1,20.68965517,291.25
1233,111142HO,2011,F1H,HO8161,534,1,1,1,20.58823529,289.0
1235,113389SD,2011,F1H,H9247,404,0,1,1,14.28571429,301.75
1236,113406SD,2011,F1H,H7979,384,0,0,1,22.22222222,98.5
