,ID,ANO_NACIMIENTO,RAZA,PADRE,INTERPARTO,ovder,ovizq,utero,Efectividad
1,080001,2008,F1H,H0681,350,0,0,1,28.0
2,080003,2008,F1H,H0719,329,0,0,1,40.0
3,080005,2008,F1H,H0681,321,0,0,0,66.66666667
5,080009,2008,F1H,H0681,377,1,0,1,30.0
6,080010,2008,F1H,H0681,0,0,0,0,100.0
7,080013,2008,F1H,H0719,379,0,0,1,23.52941176
8,080020,2008,F1H,H0681,371,1,0,1,42.85714286
9,080021,2008,F1H,H0719,439,1,1,1,32.14285714
10,080025,2008,F1H,H0681,344,0,0,0,20.0
11,080025SD,2008,F1H,BR,371,0,0,0,0.0
12,080031,2008,F1H,H0719,424,0,0,0,40.0
13,080034,2008,F1H,H0681,345,0,0,0,100.0
14,080040,2008,F1H,H0681,340,0,0,1,62.5
15,080042,2008,F1H,H0719,330,0,0,1,33.33333333
16,080048,2008,F1H,H0681,426,0,0,0,45.45454545
17,080054,2008,F1H,H0681,635,0,1,1,16.66666667
19,080057,2008,F1H,H0681,381,0,1,1,19.23076923
21,080069,2008,F1H,H0681,361,1,0,1,25.80645161
22,080071,2008,F1H,H0681,0,0,0,0,100.0
24,080080CA,2008,F1H,BR,534,1,0,1,16.66666667
25,080085,2008,F1H,H0681,342,0,0,0,62.5
27,080094,2008,F1H,H0681,373,0,0,0,33.33333333
28,080097,2008,F1H,H0719,0,0,0,0,100.0
29,080099SD,2008,F1H,BR,600,0,0,1,5.555555556
31,080113,2008,F1H,H0719,367,0,0,0,75.0
32,080116,2008,EC,H0681,396,0,0,0,40.0
33,080125,2008,F1H,H0681,477,1,1,1,29.41176471
34,080131,2008,F1H,H0681,384,1,0,1,18.60465116
35,080134,2008,F1H,H0719,333,0,0,1,23.07692308
36,080140,2008,EC,H0681,336,0,0,0,25.0
38,080151,2008,F1H,H0719,444,1,0,1,17.39130435
39,080153,2008,F1H,H0719,622,1,1,1,11.76470588
41,080175,2008,F1H,H0719,345,1,0,1,34.48275862
42,080177,2008,F1H,H0719,0,0,0,0,0.0
43,080180,2008,F1H,H0719,317,1,1,1,19.23076923
44,080192,2008,F1H,H0681,407,1,0,1,25.92592593
45,080197,2008,F1H,H0681,439,0,0,0,20.0
46,080198,2008,F1H,H0719,611,1,1,1,14.28571429
48,080211,2008,F1H,H0719,427,1,0,0,30.0
50,080217,2008,F1H,H0719,310,0,0,0,37.5
51,080219,2008,EC,H0719,418,0,0,1,23.33333333
52,080220,2008,F1H,H0719,0,0,0,0,100.0
54,080222,2008,F1H,H0719,335,0,0,0,25.0
55,080224,2008,F1H,H0719,309,0,0,0,100.0
56,080244,2008,F1H,H0719,376,1,0,1,33.33333333
57,080248,2008,F1H,H0719,310,0,0,0,33.33333333
58,080250SD,2008,F1H,BR,317,0,0,0,0.0
59,080252SD,2008,F1H,BR,335,1,0,1,20.0
60,08082CA,2008,F1H,BR,456,0,0,0,12.5
61,088000SD,2008,F1H,BR,445,0,0,0,25.0
62,088019SD,2008,F1H,BR,378,0,0,0,25.0
66,088067SD,2008,F1H,BR,393,0,0,0,33.33333333
67,088075SD,2008,F1H,BR,0,0,0,0,100.0
70,088085SD,2008,F1H,BR,573,0,0,0,50.0
72,088090SD,2008,F1H,BR,342,0,0,1,31.57894737
75,088108SD,2008,F1H,BR,332,0,0,0,20.0
79,088218SD,2008,F1H,BR,397,1,0,1,25.0
80,088276CP,2008,F1H,BR,369,0,0,1,25.0
82,090002HO,2009,F1H,H487,457,1,1,1,15.38461538
83,090003HO,2009,F1H,H489,380,0,0,0,50.0
84,090004HO,2009,F1H,H489,365,0,0,1,33.33333333
85,090006CP,2009,F1H,BR,439,0,0,1,23.07692308
86,090006HO,2009,F1H,H489,378,1,0,1,18.75
87,090007HO,2009,F1H,H590,433,1,0,1,24.32432432
88,090008HO,2009,F1H,H487,312,1,0,0,50.0
89,090009HO,2009,F1H,H489,318,0,0,1,30.76923077
90,090010HO,2009,F1H,H487,329,0,1,1,36.36363636
91,090011HO,2009,F1H,H489,0,0,0,0,50.0
92,090012HO,2009,F1H,H489,372,0,0,1,27.77777778
93,090013HO,2009,F1H,H487,376,1,0,0,50.0
94,090014HO,2009,F1H,H489,315,1,0,0,29.41176471
95,090015HO,2009,F1H,H487,333,1,0,1,29.03225806
96,090016CP,2009,F1H,BR,357,1,0,1,15.15151515
97,090016HO,2009,F1H,H590,0,1,0,0,0.0
98,090017HO,2009,F1H,H590,365,0,0,1,28.57142857
99,090018HO,2009,F1H,H489,605,0,0,1,17.64705882
100,090021HO,2009,F1H,H489,388,1,0,1,22.22222222
102,090024HO,2009,F1H,H489,652,1,1,0,12.5
104,090026HO,2009,F1H,H489,561,0,0,0,33.33333333
105,090027HO,2009,F1H,H489,299,0,0,0,100.0
106,090028HO,2009,F1H,H487,334,1,0,1,9.090909091
107,090030HO,2009,F1H,H489,682,1,1,1,8.333333332999999
108,090031HO,2009,F1H,H489,359,1,0,1,23.80952381
109,090032HO,2009,F1H,H590,487,1,1,1,15.625
110,090033HO,2009,F1H,H489,345,1,0,1,21.875
111,090034HO,2009,F1H,H489,359,1,0,1,33.33333333
112,090035HO,2009,F1H,H489,494,0,0,0,42.85714286
113,090036HO,2009,F1H,H590,656,1,1,1,25.92592593
114,090039HO,2009,F1H,H487,313,0,0,0,60.0
115,090040HO,2009,F1H,H489,463,0,0,0,57.14285714
116,090041HO,2009,F1H,H489,347,1,0,1,21.05263158
117,090042HO,2009,F1H,H489,315,1,0,1,24.390243899999998
118,090043HO,2009,F1H,H489,653,1,1,1,18.42105263
119,090044HO,2009,F1H,H489,345,1,0,1,27.27272727
120,090047HO,2009,F1H,H489,0,0,0,0,66.66666667
121,090048HO,2009,F1H,H487,355,0,0,1,33.33333333
122,090049HO,2009,F1H,H487,410,0,0,1,26.31578947
123,090050HO,2009,EC,H489,337,1,0,1,28.57142857
124,090051HO,2009,F1H,H590,336,0,0,0,50.0
125,090052HO,2009,F1H,H489,320,0,0,1,60.0
126,090053HO,2009,F1H,H489,593,0,0,0,33.33333333
127,090054HO,2009,F1H,H489,320,0,0,0,57.14285714
128,090055HO,2009,EC,H489,351,1,0,1,29.62962963
129,090056HO,2009,F1H,H489,395,0,0,1,25.0
130,090057HO,2009,F1H,H489,616,1,1,0,5.882352941000001
131,090058HO,2009,F1H,H489,679,1,1,0,13.04347826
132,090059HO,2009,F1H,H590,632,0,0,0,14.28571429
133,090060HO,2009,F1H,H590,576,1,1,1,9.375
134,090061HO,2009,F1H,H489,354,0,0,0,66.66666667
135,090063HO,2009,F1H,H487,323,0,0,1,22.22222222
137,090065HO,2009,F1H,H489,419,0,0,1,27.27272727
138,090069HO,2009,F1H,H489,410,1,1,1,15.625
139,090070HO,2009,F1H,H489,703,1,1,0,9.090909091
140,090072HO,2009,F1H,H590,343,0,0,0,66.66666667
143,090078HO,2009,F1H,H489,310,0,0,0,42.85714286
144,090079HO,2009,F1H,H489,335,0,0,0,66.66666667
145,090080HO,2009,F1H,H489,794,1,1,1,14.28571429
147,090082HO,2009,F1H,H487,367,0,0,1,30.43478261
148,090086HO,2009,F1H,H489,315,0,0,0,21.42857143
149,090088HO,2009,F1H,H590,294,1,0,1,22.58064516
150,090089HO,2009,F1H,H489,315,0,0,0,14.28571429
151,090090HO,2009,F1H,H489,533,1,1,1,27.27272727
152,090091CA,2009,F1H,BR,470,0,0,1,30.76923077
153,090091HO,2009,F1H,H489,369,0,0,0,100.0
154,090092HO,2009,F1H,H489,491,0,1,1,16.0
155,090094HO,2009,F1H,H489,482,1,0,1,22.85714286
156,090097HO,2009,F1H,H487,301,0,0,1,33.33333333
157,090099HO,2009,EC,H590,536,1,1,1,23.07692308
158,090101HO,2009,F1H,H489,317,1,1,1,24.13793103
159,090103HO,2009,EC,H489,494,0,0,1,24.13793103
160,090106HO,2009,F1H,H590,511,1,1,1,20.51282051
161,090107HO,2009,F1H,H489,686,1,1,1,40.0
162,090108HO,2009,F1H,H487,546,1,0,1,14.70588235
163,090109HO,2009,F1H,H489,639,1,1,1,23.80952381
164,090110HO,2009,F1H,H489,306,0,1,1,22.58064516
165,090124HO,2009,F1H,H590,383,0,0,1,17.85714286
166,090127HO,2009,F1H,H590,369,1,1,1,25.71428571
167,090128HO,2009,F1H,H489,536,1,0,1,24.0
168,090131HO,2009,F1H,H489,364,0,0,1,20.58823529
169,090132HO,2009,F1H,H489,382,1,1,1,30.0
170,090137HO,2009,F1H,H590,373,1,0,1,20.0
171,090140HO,2009,F1H,H487,316,0,0,0,75.0
172,090144HO,2009,F1H,H489,454,0,0,0,50.0
173,090145HO,2009,F1H,H489,355,1,0,0,28.57142857
174,090147HO,2009,F1H,H489,327,0,0,0,20.0
175,090148HO,2009,F1H,H489,659,1,0,0,15.38461538
176,090150HO,2009,F1H,H489,351,1,1,1,23.52941176
177,090151HO,2009,F1H,H489,0,0,0,0,0.0
178,090155HO,2009,F1H,H590,358,0,0,1,26.31578947
179,090156HO,2009,F1H,H590,349,1,1,1,24.24242424
180,090157HO,2009,EC,H487,566,1,1,1,7.142857143
181,090159HO,2009,F1H,H489,513,1,1,1,23.52941176
182,090161HO,2009,F1H,H489,531,1,0,1,19.44444444
183,090162HO,2009,F1H,H489,437,1,0,1,26.19047619
184,090163CP,2009,F1H,BR,647,1,0,1,20.83333333
185,090164HO,2009,F1H,H487,575,1,1,1,20.0
186,090167HO,2009,EC,H489,558,1,1,1,22.58064516
187,090170HO,2009,F1H,H489,552,1,0,1,17.24137931
188,090174HO,2009,F1H,H590,367,0,0,1,37.5
189,090175HO,2009,F1H,H487,535,1,1,1,34.61538462
190,090177HO,2009,F1H,H489,349,0,0,1,25.0
191,090178HO,2009,F1H,H489,0,0,0,0,100.0
192,090179HO,2009,F1H,H489,404,1,0,1,17.85714286
193,090181HO,2009,F1H,H487,539,0,0,0,33.33333333
194,090186HO,2009,F1H,HOL,388,0,0,0,20.0
195,090189HO,2009,F1H,H487,452,1,0,1,18.18181818
196,090193HO,2009,F1H,H489,738,0,0,0,25.0
197,090195HO,2009,F1H,H489,0,0,0,0,25.0
198,090198HO,2009,F1H,H489,433,1,0,1,20.0
199,090203HO,2009,F1H,H590,546,0,0,0,28.57142857
200,090205HO,2009,F1H,H489,640,1,0,0,31.25
201,090206HO,2009,F1H,H487,258,0,0,1,18.42105263
202,090217HO,2009,F1H,H489,752,1,1,1,7.407407407000001
203,090218HO,2009,F1H,H489,314,1,1,1,28.57142857
204,090219HO,2009,F1H,H487,320,1,0,1,35.71428571
206,090227HO,2009,F1H,H489,306,0,0,0,80.0
207,090228HO,2009,F1H,H489,338,1,0,1,24.0
208,090232HO,2009,F1H,H590,336,0,0,0,66.66666667
209,090233HO,2009,F1H,H487,336,0,0,0,100.0
210,090238HO,2009,EC,H489,0,1,0,0,0.0
211,090247HO,2009,F1H,H489,405,0,0,0,30.0
212,090250HO,2009,F1H,H489,372,0,0,0,50.0
213,090267HO,2009,F1H,H489,455,1,1,1,23.07692308
214,090269HO,2009,F1H,H590,519,1,0,1,22.22222222
215,090270HO,2009,F1H,H487,449,0,0,1,13.04347826
216,090273HO,2009,F1H,H489,332,1,1,1,22.22222222
217,090275HO,2009,EC,H487,337,1,1,1,17.85714286
218,090277HO,2009,F1H,H489,637,1,0,1,24.13793103
219,090294HO,2009,F1H,H489,451,0,0,0,57.14285714
220,090297HO,2009,F1H,H489,341,0,0,0,50.0
223,090303HO,2009,F1H,H489,490,1,0,1,9.090909091
224,090331HO,2009,F1H,H487,0,0,0,0,0.0
225,090332HO,2009,F1H,H487,588,0,0,0,40.0
226,090339HO,2009,F1H,H487,464,1,1,1,12.5
227,090343HO,2009,F1H,H489,0,0,0,0,66.66666667
228,090347HO,2009,F1H,H590,494,0,1,0,14.28571429
229,090351HO,2009,F1H,H487,378,1,0,1,25.0
230,090356HO,2009,F1H,HOL,515,1,1,1,17.5
231,090368HO,2009,F1H,H590,0,0,0,0,100.0
232,090369HO,2009,F1H,H489,416,0,0,0,20.0
233,090370HO,2009,F1H,H590,0,0,0,0,0.0
234,090374HO,2009,F1H,H487,317,0,0,0,33.33333333
235,090378HO,2009,F1H,H590,671,1,0,1,18.75
236,090384HO,2009,F1H,H489,483,1,1,1,17.85714286
237,090385HO,2009,F1H,H489,745,1,0,0,5.882352941000001
238,090386HO,2009,F1H,H487,350,0,0,1,28.125
240,090388HO,2009,F1H,H489,544,1,1,1,12.5
241,090389HO,2009,F1H,H590,256,1,0,1,19.51219512
242,090399HO,2009,F1H,H487,355,1,0,1,18.75
243,090400HO,2009,F1H,H497,337,0,0,1,22.85714286
244,090401HO,2009,F1H,H489,725,1,1,1,16.66666667
245,090402HO,2009,EC,H489,519,1,0,0,30.0
246,090404HO,2009,F1H,H487,586,1,0,0,16.66666667
247,090405HO,2009,F1H,H487,313,1,0,1,25.0
248,090406HO,2009,F1H,H487,413,1,1,1,22.58064516
249,090407HO,2009,F1H,H590,695,1,0,1,11.53846154
250,090416HO,2009,F1H,H590,0,0,0,0,33.33333333
251,090417HO,2009,F1H,H487,330,0,0,1,29.41176471
252,090418HO,2009,F1H,H487,567,0,0,1,57.14285714
253,090421HO,2009,F1H,H487,353,0,0,0,60.0
254,090422HO,2009,F1H,H489,420,0,0,0,33.33333333
255,090424HO,2009,F1H,H487,462,0,0,0,57.14285714
256,090425HO,2009,F1H,H489,0,0,0,0,33.33333333
257,090427HO,2009,F1H,H487,332,0,0,1,23.52941176
258,090428HO,2009,F1H,H489,523,0,1,0,20.0
259,090431HO,2009,F1H,H487,482,1,0,1,22.22222222
260,090440HO,2009,F1H,H590,0,0,0,0,100.0
261,090441HO,2009,F1H,H489,330,1,1,1,17.5
262,090442HO,2009,F1H,H590,0,1,1,0,0.0
263,090449HO,2009,F1H,H489,377,1,0,1,24.13793103
264,090450HO,2009,F1H,H590,329,0,0,0,25.0
265,090451HO,2009,F1H,H489,386,0,0,0,50.0
266,090452HO,2009,F1H,H489,411,1,1,1,19.35483871
267,090454HO,2009,F1H,H487,328,1,0,1,16.0
268,090455HO,2009,F1H,H487,341,0,1,1,23.52941176
269,090456HO,2009,F1H,H489,0,0,1,0,0.0
270,090457HO,2009,F1H,H590,365,1,1,1,18.18181818
271,090461HO,2009,EC,H590,288,0,0,0,100.0
272,090462HO,2009,F1H,H590,391,0,0,1,40.90909091
273,090466HO,2009,F1H,H489,386,0,0,0,20.0
274,090467HO,2009,F1H,H489,360,1,1,1,20.0
275,090471HO,2009,F1H,H489,419,0,0,1,28.57142857
276,090475HO,2009,F1H,H487,459,1,1,0,16.66666667
278,090479HO,2009,F1H,H590,536,1,0,1,16.66666667
279,090483HO,2009,F1H,H590,0,0,0,0,50.0
280,090484HO,2009,F1H,H487,381,1,1,1,19.51219512
282,090486HO,2009,F1H,H590,358,0,0,0,25.0
283,090495HO,2009,F1H,H590,347,0,0,0,25.0
284,090497HO,2009,F1H,H489,0,0,1,0,0.0
285,090498HO,2009,F1H,H489,594,1,1,1,18.51851852
286,090506HO,2009,F1H,H487,357,0,1,1,22.58064516
287,090507HO,2009,EC,H487,540,0,0,0,42.85714286
288,090509HO,2009,F1H,H487,285,1,0,1,27.27272727
289,090512HO,2009,F1H,H487,315,0,0,0,100.0
290,090513HO,2009,F1H,H489,385,1,0,1,26.47058824
291,090514HO,2009,F1H,H590,536,0,0,0,80.0
292,090517HO,2009,F1H,H487,324,0,0,0,50.0
293,090519HO,2009,F1H,H489,373,0,0,0,33.33333333
294,090523HO,2009,F1H,H487,363,0,0,1,28.57142857
295,090536HO,2009,F1H,H590,0,0,0,0,0.0
296,090537HO,2009,F1H,H489,320,0,0,1,46.66666667
297,090547HO,2009,F1H,H590,337,0,0,0,16.66666667
298,090551HO,2009,F1H,H590,732,1,0,1,6.451612902999999
299,090566HO,2009,F1H,H489,615,1,1,0,11.11111111
300,090569HO,2009,EC,H489,331,0,0,0,25.0
301,090581HO,2009,F1H,H487,331,1,0,0,15.0
302,090584HO,2009,F1H,H489,308,0,0,0,66.66666667
303,090586HO,2009,F1H,H487,329,1,0,1,17.64705882
304,090612HO,2009,F1H,H590,323,0,0,1,20.68965517
305,090614HO,2009,F1H,H487,657,1,0,1,22.22222222
306,090621HO,2009,F1H,H590,440,1,1,1,25.0
307,090627HO,2009,F1H,H489,0,0,0,0,0.0
308,090631HO,2009,F1H,H489,0,1,0,0,0.0
309,090640HO,2009,F1H,H590,0,1,0,0,0.0
310,090641HO,2009,F1H,H487,477,1,1,1,18.75
311,090644HO,2009,F1H,H487,0,0,0,0,50.0
312,090645HO,2009,F1H,H489,359,1,1,1,20.0
313,090648HO,2009,F1H,H489,455,0,0,0,14.28571429
314,090652HO,2009,F1H,H487,477,0,0,0,20.0
315,090678HO,2009,F1H,H489,503,1,0,1,20.0
316,090680HO,2009,F1H,H590,367,1,1,1,19.44444444
317,090683HO,2009,F1H,H487,342,0,0,0,25.0
318,090684HO,2009,F1H,H590,458,0,0,0,66.66666667
319,090685HO,2009,F1H,H487,569,1,1,1,10.71428571
320,090687HO,2009,F1H,H590,406,0,0,0,16.66666667
321,090689HO,2009,F1H,H489,371,1,0,1,14.70588235
323,090716HO,2009,EC,H590,372,0,0,1,41.66666667
324,090721HO,2009,F1H,H590,582,1,1,0,12.5
325,090737HO,2009,F1H,H489,330,0,1,1,19.35483871
326,090740HO,2009,F1H,H487,325,1,1,1,25.0
327,090741HO,2009,F1H,H487,315,1,0,1,25.92592593
328,090742HO,2009,F1H,H489,0,0,0,0,16.66666667
329,090743JE,2009,F1H,H487,189,0,0,1,28.57142857
330,090744HO,2009,F1H,H489,583,1,0,1,14.81481481
331,090746HO,2009,F1H,H489,549,1,1,1,30.0
332,090759HO,2009,F1H,H590,318,1,0,1,25.80645161
333,090766HO,2009,F1H,H487,389,0,0,1,31.03448276
334,090768HO,2009,F1H,H590,500,1,1,1,19.51219512
336,090779HO,2009,F1H,H489,606,1,0,1,14.28571429
337,090780HO,2009,F1H,H489,403,0,0,0,50.0
338,090782HO,2009,F1H,H487,0,0,0,0,0.0
339,090783HO,2009,F1H,H590,345,1,0,1,25.0
340,090796HO,2009,EC,H590,357,0,0,1,28.57142857
341,090797HO,2009,F1H,H487,365,0,0,0,40.0
342,090798HO,2009,F1H,H590,493,1,0,1,37.5
343,090812HO,2009,F1H,H489,452,1,1,1,21.875
344,090814HO,2009,F1H,H487,311,1,0,1,50.0
345,090816CP,2009,F1H,BR,590,0,1,1,6.25
346,090825HO,2009,EC,H590,463,1,1,1,15.38461538
348,090884HO,2009,F1H,H489,575,1,1,1,15.0
349,090895HO,2009,F1H,H489,498,1,1,1,11.11111111
350,09092CA,2009,F1H,BR,348,0,0,0,100.0
351,09096CA,2009,F1H,BR,353,0,0,0,50.0
352,09097CA,2009,F1H,BR,320,0,0,0,20.0
353,099008CP,2009,F1H,BR,353,0,0,0,25.0
354,099057CP,2009,F1H,BR,310,1,1,1,21.875
355,099235CP,2009,F1H,BR,324,0,0,1,23.33333333
356,099687CP,2009,F1H,BR,401,1,0,1,14.28571429
357,100000HO,2010,F1H,BR,0,0,0,0,0.0
358,100001CP,2010,F1H,BR,0,0,0,1,28.57142857
359,100001HO,2010,F1H,H0585,339,1,1,1,22.22222222
360,100002HO,2010,EC,H0585,509,0,0,0,40.0
361,100003HO,2010,F1H,H0584,615,1,1,1,25.64102564
362,100004HO,2010,F1H,H0584,0,0,0,0,100.0
363,100005HO,2010,F1H,H0584,0,0,1,0,60.0
364,100006HO,2010,F1H,HOL,357,0,1,0,44.44444444
365,100007HO,2010,F1H,H0584,0,0,0,0,100.0
366,100008HO,2010,F1H,H0584,407,0,0,1,33.33333333
367,100009HO,2010,F1H,H0585,417,1,1,1,16.21621622
368,100010HO,2010,F1H,H0584,388,0,0,0,33.33333333
369,100011HO,2010,F1H,H0584,665,0,1,1,15.0
370,100012HO,2010,F1H,H0585,0,0,0,0,14.28571429
371,100013CP,2010,F1H,BR,540,0,0,1,16.66666667
372,100013HO,2010,F1H,H0585,380,0,0,0,75.0
373,100014HO,2010,F1H,H0584,448,1,1,1,22.58064516
374,100015HO,2010,F1H,H0585,445,1,1,1,13.04347826
375,100016HO,2010,F1H,H0584,317,0,0,0,37.5
376,100017HO,2010,F1H,H0584,367,0,1,0,21.42857143
377,100018HO,2010,F1H,H0585,439,1,1,1,21.62162162
378,100019HO,2010,F1H,H0585,728,1,1,0,11.76470588
379,100021HO,2010,F1H,H0585,461,1,1,1,30.0
380,100022HO,2010,F1H,H0585,365,0,0,0,50.0
381,100023HO,2010,F1H,H0584,0,0,0,0,100.0
382,100024HO,2010,F1H,H0585,317,1,0,1,27.02702703
383,100025HO,2010,F1H,H0585,389,1,0,0,66.66666667
384,100026HO,2010,F1H,H0585,374,0,0,0,75.0
385,100027HO,2010,F1H,H0584,356,0,1,0,22.22222222
386,100028HO,2010,F1H,H0584,592,1,1,0,20.0
387,100029HO,2010,F1H,H0585,339,1,1,1,22.58064516
388,100030HO,2010,F1H,H0584,511,1,1,1,21.05263158
389,100031HO,2010,F1H,H0585,321,1,1,1,29.41176471
390,100032HO,2010,F1H,H0585,333,1,0,1,28.57142857
391,100033HO,2010,F1H,H0585,367,0,0,1,42.85714286
392,100034HO,2010,F1H,H0584,558,1,1,1,25.71428571
393,100035HO,2010,F1H,H0585,357,1,0,0,37.5
394,100036HO,2010,F1H,H0585,480,1,1,1,20.83333333
395,100037HO,2010,F1H,H0585,535,1,0,1,12.19512195
396,100038HO,2010,F1H,H0585,448,1,1,1,25.92592593
398,100040HO,2010,F1H,H0584,337,0,1,1,36.0
399,100042HO,2010,EC,H0585,416,1,1,0,28.57142857
400,100043HO,2010,F1H,H0585,760,0,1,1,58.82352941
401,100044HO,2010,F1H,H0584,339,1,0,0,27.27272727
402,100046JE,2010,F1J,JE0778,0,0,0,0,14.28571429
403,100047HO,2010,F1H,H0584,331,1,0,1,26.66666667
404,100048CP,2010,F1H,BR,0,1,0,0,0.0
405,100048HO,2010,F1H,H0585,764,1,1,1,10.52631579
406,100049HO,2010,F1H,H0584,0,0,0,0,0.0
408,100051CP,2010,F1H,BR,481,0,0,1,15.78947368
409,100051HO,2010,F1H,H0585,381,0,0,0,50.0
410,100052HO,2010,F1H,H0584,328,0,0,0,50.0
411,100053JE,2010,F1J,JE0778,336,0,0,1,50.0
412,100054HO,2010,F1H,H0585,472,1,1,1,30.76923077
413,100055CP,2010,F1H,BR,397,0,0,1,50.0
414,100055HO,2010,F1H,H0584,500,0,1,1,20.0
415,100056HO,2010,F1H,H0584,381,0,0,0,60.0
416,100060HO,2010,F1H,H0585,364,1,1,1,21.62162162
417,100062HO,2010,F1H,H0584,0,0,0,0,33.33333333
418,100063HO,2010,F1H,H0584,432,1,0,1,20.58823529
419,100064HO,2010,F1H,H0585,0,0,0,0,100.0
420,100065HO,2010,F1H,H0584,0,0,0,0,25.0
421,100066HO,2010,F1H,H0585,496,1,1,1,24.13793103
422,100067HO,2010,F1H,H0584,522,1,1,1,11.42857143
423,100068HO,2010,F1H,H0585,369,0,0,0,50.0
424,100069HO,2010,F1H,H0584,318,0,0,0,66.66666667
425,100070HO,2010,F1H,H0584,0,0,0,0,100.0
426,100071HO,2010,F1H,H0585,651,1,1,1,14.28571429
427,100072HO,2010,F1H,H0585,381,0,0,1,37.5
428,100073HO,2010,F1H,H0585,369,1,0,0,30.0
429,100074HO,2010,F1H,H0585,328,0,0,1,21.05263158
430,100075HO,2010,F1H,H0584,578,1,0,1,13.88888889
431,100076HO,2010,F1H,H0585,376,1,1,1,25.0
432,100077HO,2010,F1H,H0584,388,1,0,0,25.0
433,100078HO,2010,F1H,H0585,690,1,1,1,11.53846154
434,100079HO,2010,F1H,H0585,0,0,0,0,50.0
435,100080HO,2010,F1H,H0585,506,1,1,1,20.0
436,100081HO,2010,F1H,H0584,0,0,0,0,20.0
437,100082HO,2010,F1H,H0585,413,1,0,1,22.85714286
438,100083HO,2010,F1H,H0585,536,1,1,1,29.41176471
439,100085HO,2010,F1H,H0584,324,1,0,1,30.55555556
440,100086HO,2010,F1H,H0585,608,1,1,1,13.63636364
441,100087HO,2010,F1H,H0585,368,0,0,0,50.0
442,100088HO,2010,F1H,H0585,0,0,0,0,66.66666667
443,100089HO,2010,F1H,H0585,348,0,0,1,27.586206899999997
444,100090HO,2010,F1H,H0584,0,0,0,0,100.0
445,100091HO,2010,F1H,H0585,321,1,0,1,25.0
446,100092HO,2010,F1H,H0584,360,1,1,1,19.51219512
447,100093HO,2010,F1H,H0585,451,0,0,1,28.57142857
448,100094HO,2010,F1H,H0585,494,1,0,1,14.70588235
449,100096HO,2010,F1H,H0584,307,0,1,1,23.52941176
450,100097HO,2010,F1H,H0585,624,1,1,1,17.24137931
451,100098HO,2010,F1H,H0584,347,0,0,1,21.62162162
452,100099HO,2010,F1H,H0584,335,1,0,1,19.04761905
453,100100HO,2010,F1H,H0585,375,0,0,1,30.0
454,100101HO,2010,F1H,H0584,0,0,0,0,40.0
455,100102HO,2010,F1H,H0585,379,0,0,0,22.22222222
456,100103HO,2010,F1H,H0584,236,1,0,0,20.0
457,100104HO,2010,F1H,H0585,384,0,1,1,26.66666667
458,100104ME,2010,F1H,HOL,311,0,0,1,25.0
459,100105HO,2010,F1H,H0585,0,0,0,0,100.0
460,100106HO,2010,F1H,H0585,345,0,0,1,26.47058824
461,100107HO,2010,F1H,H0585,614,1,1,0,10.52631579
462,100108HO,2010,F1H,H0585,341,0,0,0,33.33333333
463,100109HO,2010,F1H,H0585,496,0,0,1,35.71428571
464,100110HO,2010,F1H,H0585,433,0,0,1,23.52941176
465,100111HO,2010,F1H,H0585,0,0,0,0,100.0
466,100113HO,2010,F1H,H0584,348,0,1,0,60.0
467,100114JE,2010,F1J,JE0761,351,0,0,0,100.0
468,100115HO,2010,F1H,H0584,0,0,0,0,100.0
469,100116JE,2010,F1J,J0778,372,1,1,1,18.51851852
470,100117HO,2010,F1H,H0584,344,0,1,0,28.57142857
471,100119CP,2010,F1H,BR,315,0,0,1,16.66666667
472,100119JE,2010,F1J,JE0778,522,0,0,1,20.0
473,100120HO,2010,F1H,H0584,428,0,0,0,50.0
474,100121HO,2010,F1H,H0584,370,0,0,1,33.33333333
475,100122HO,2010,F1H,H0584,0,0,0,0,14.28571429
476,100123HO,2010,F1H,H0584,0,0,0,0,33.33333333
478,100125HO,2010,F1H,H0584,0,0,0,0,16.66666667
479,100126HO,2010,F1H,H0584,0,0,0,0,66.66666667
480,100127JE,2010,F1J,JE0778,425,1,0,1,23.80952381
481,100129HO,2010,F1H,H0584,424,1,0,1,20.0
482,100130HO,2010,F1H,H0584,360,0,0,0,57.14285714
483,100131HO,2010,F1H,H0584,0,0,0,0,25.0
484,100132HO,2010,F1H,H0584,449,1,1,1,9.302325581
485,100134HO,2010,F1H,H0584,322,1,0,1,33.33333333
486,100135CP,2010,F1H,BR,0,1,1,1,22.22222222
487,100135HO,2010,F1H,H0584,321,0,1,0,28.57142857
488,100136HO,2010,F1H,H0584,515,1,0,1,15.78947368
489,100137HO,2010,F1H,H0584,513,0,0,0,30.0
490,100138HO,2010,F1H,H0584,0,1,0,0,20.0
491,100139HO,2010,F1H,H0584,0,0,0,0,30.0
492,100140HO,2010,F1H,H0584,0,0,0,0,42.85714286
493,100142HO,2010,F1H,H0584,478,0,0,0,28.57142857
494,100143HO,2010,F1H,H0584,0,0,1,0,12.5
495,100143ME,2010,F1H,HOL,569,1,1,1,12.5
497,100147HO,2010,EC,H0584,0,0,0,0,20.0
498,100148HO,2010,F1H,H0584,401,1,0,0,14.28571429
499,100150HO,2010,F1H,H0584,560,1,0,1,12.5
500,100151HO,2010,F1H,H0584,0,0,0,0,100.0
501,100152HO,2010,F1H,H0584,0,0,0,0,50.0
502,100154HO,2010,F1H,H0584,588,0,1,1,12.5
503,100156HO,2010,F1H,H0584,316,1,0,1,50.0
504,100157HO,2010,F1H,H0584,412,1,0,1,23.33333333
505,100158HO,2010,F1H,H0585,0,0,0,0,20.0
506,100160HO,2010,F1H,H0778,327,1,0,1,35.71428571
507,100164HO,2010,F1H,H0584,0,0,0,0,100.0
508,100167HO,2010,F1H,H0585,497,1,1,0,21.05263158
509,100170HO,2010,F1H,H0778,419,0,0,0,50.0
510,100175HO,2010,F1H,H0585,0,0,0,0,50.0
511,100178HO,2010,F1H,H0584,347,1,0,1,21.21212121
512,100179HO,2010,F1H,H0585,0,0,0,0,20.0
513,100184HO,2010,F1H,H0778,0,0,0,0,66.66666667
514,100185HO,2010,F1H,H0584,0,0,0,0,100.0
515,100186HO,2010,F1H,H0589,0,0,0,0,100.0
516,100191HO,2010,F1H,H0584,0,0,0,0,25.0
517,100193HO,2010,F1H,H0584,324,0,0,0,100.0
518,100195HO,2010,F1H,H0589,308,1,1,1,16.66666667
519,100196HO,2010,F1H,H0589,807,1,1,1,27.586206899999997
520,100197HO,2010,F1H,H0589,572,1,1,1,18.75
521,100199HO,2010,F1H,H0584,441,0,0,0,60.0
522,100200HO,2010,F1H,H0778,352,1,1,1,18.75
523,100201HO,2010,F1H,H0778,357,1,0,1,41.66666667
524,100202HO,2010,F1H,H0589,338,0,1,1,22.58064516
525,100203HO,2010,F1H,H0585,328,1,0,0,26.66666667
526,100204HO,2010,F1H,H0584,0,0,0,0,25.0
527,100206HO,2010,F1H,H0584,629,1,1,1,15.38461538
528,100207HO,2010,F1H,H0589,354,1,0,0,50.0
529,100207ME,2010,F1H,HOL,0,0,0,1,50.0
530,100208HO,2010,F1H,H0585,332,1,1,1,17.24137931
531,100209HO,2010,F1H,H0778,301,1,0,1,22.85714286
532,100213HO,2010,F1H,H0585,0,0,0,0,100.0
533,100215CP,2010,F1H,BR,556,1,1,1,11.11111111
534,100215HO,2010,F1H,H0584,0,0,0,0,50.0
536,100218HO,2010,F1H,H0585,382,1,0,1,25.0
537,100225HO,2010,F1H,H0585,412,0,0,1,25.0
538,100226HO,2010,F1H,H0584,0,1,0,0,33.33333333
539,100232HO,2010,F1H,H0585,373,0,0,1,23.33333333
540,100234HO,2010,EC,H0584,332,0,0,0,40.0
541,100235HO,2010,F1H,H0584,318,0,0,1,40.0
542,100237HO,2010,F1H,H0585,0,0,0,0,30.0
543,100238HO,2010,F1H,H0589,0,0,0,0,33.33333333
544,100242CP,2010,F1H,BR,390,0,0,1,20.0
545,100245CP,2010,F1H,BR,357,1,0,1,17.85714286
546,100246CP,2010,F1H,BR,551,1,1,1,15.625
547,100247CP,2010,F1H,BR,373,1,0,1,18.75
548,100249CP,2010,F1H,BR,586,1,0,1,8.333333332999999
549,100254HO,2010,F1H,H1297,362,0,0,0,66.66666667
550,100255HO,2010,F1H,H0589,430,1,0,1,27.27272727
551,100256HO,2010,F1H,H0585,380,1,1,1,26.47058824
552,100258HO,2010,F1H,H0584,573,1,0,1,13.33333333
553,100264CP,2010,F1H,BR,577,1,1,1,19.35483871
554,100268HO,2010,F1H,H0585,320,0,0,1,80.0
555,100278CP,2010,F1H,BR,445,1,0,1,13.33333333
556,100280HO,2010,F1H,H0778,0,0,0,0,50.0
557,100291HO,2010,F1H,H1297,0,0,0,0,25.0
558,100297HO,2010,F1H,H0585,321,0,0,1,31.57894737
559,100299HO,2010,F1H,H0585,0,0,0,0,50.0
560,100301HO,2010,F1H,H0585,335,1,0,1,26.66666667
561,100309CP,2010,F1H,BR,393,1,0,1,29.41176471
562,100317HO,2010,F1H,H0585,0,0,0,0,25.0
563,100320HO,2010,F1H,H0585,422,0,0,1,28.125
564,100321HO,2010,F1H,H0584,0,0,0,0,25.0
565,100322HO,2010,F1H,H0585,0,0,0,0,14.28571429
566,100328HO,2010,F1H,H0778,312,0,0,1,53.33333333
567,100332HO,2010,F1H,H0778,0,0,0,0,50.0
568,100337CP,2010,F1H,BR,345,1,0,1,21.42857143
569,100338HO,2010,F1H,H0778,368,1,0,1,20.58823529
570,100339CP,2010,F1H,BR,0,0,0,0,33.33333333
571,100340HO,2010,F1H,H0584,725,1,1,1,10.0
572,100344HO,2010,F1H,H0778,0,0,0,0,0.0
573,100347HO,2010,EC,H0778,333,0,0,1,25.71428571
574,100351CP,2010,F1H,BR,523,1,1,1,19.23076923
575,100351HO,2010,F1H,H0585,0,0,0,1,12.5
576,100352CP,2010,F1H,BR,542,1,0,1,21.21212121
577,100352HO,2010,F1H,H0778,655,1,0,1,19.23076923
578,100369HO,2010,F1H,H0585,0,0,0,0,50.0
579,100370HO,2010,F1H,H0585,327,1,0,1,23.80952381
580,100373HO,2010,F1H,H0589,501,0,0,0,16.66666667
581,100377HO,2010,F1H,H0778,447,0,0,1,21.875
582,100387HO,2010,F1H,H0585,539,1,1,1,21.62162162
583,100388HO,2010,F1H,H1297,407,1,0,1,40.0
584,100389HO,2010,F1H,H0585,173,1,0,1,28.57142857
585,100393HO,2010,F1H,H0585,0,0,0,0,0.0
586,100394HO,2010,EC,H0585,323,1,0,1,50.0
587,100402HO,2010,F1H,H1297,0,0,0,0,33.33333333
588,100406HO,2010,F1H,H0589,336,0,0,0,50.0
589,100412HO,2010,F1H,H0584,376,1,0,1,18.91891892
590,100413HO,2010,F1H,H0584,713,1,0,1,17.64705882
591,100417HO,2010,F1H,H1297,343,1,0,1,25.0
592,100419HO,2010,F1H,H1297,321,0,0,0,40.0
593,100423HO,2010,F1H,H0584,322,1,0,1,20.0
594,100424HO,2010,F1H,H0584,0,0,0,0,12.5
595,100425HO,2010,F1H,H0584,582,1,1,1,18.51851852
596,100426HO,2010,F1H,H0585,0,0,0,0,0.0
597,100429HO,2010,F1H,H0778,0,0,0,0,33.33333333
598,100430HO,2010,F1H,H0778,305,0,0,1,26.66666667
599,100431HO,2010,F1H,H0778,0,0,0,0,66.66666667
600,100433HO,2010,F1H,H0589,0,0,0,0,50.0
601,100434HO,2010,F1H,H0585,436,0,0,0,66.66666667
602,100435HO,2010,F1H,HOL,357,1,1,1,24.32432432
603,100436HO,2010,F1H,H0585,0,0,0,0,16.66666667
604,100437HO,2010,F1H,H0584,605,0,0,0,18.75
605,100438HO,2010,F1H,H0585,413,0,0,0,66.66666667
606,100439HO,2010,F1H,H0584,0,0,0,0,100.0
607,100440HO,2010,F1H,H0778,322,0,1,1,29.62962963
608,100441HO,2010,F1H,H0778,359,0,0,1,15.0
609,100442HO,2010,F1H,H0778,0,0,0,0,100.0
610,100443HO,2010,F1H,H0589,0,0,0,0,100.0
611,100448HO,2010,F1H,H0585,351,0,0,1,25.0
612,100449HO,2010,F1H,H0584,0,0,0,0,0.0
613,100450HO,2010,F1H,H0585,591,1,0,1,18.18181818
614,100451HO,2010,F1H,H1297,364,0,0,1,36.0
615,100452HO,2010,F1H,H0589,364,0,0,1,22.22222222
616,100458HO,2010,F1H,H0589,457,1,1,1,21.73913043
617,100459HO,2010,F1H,H0778,0,0,0,0,25.0
618,100460HO,2010,F1H,H0589,338,0,0,1,27.77777778
619,100461HO,2010,F1H,H0778,376,1,1,1,25.0
620,100463HO,2010,F1H,H0589,0,1,0,0,14.28571429
621,100464HO,2010,F1H,H0778,0,1,0,0,11.11111111
623,100476HO,2010,F1H,H0585,318,1,0,1,21.21212121
624,100480HO,2010,F1H,H0778,0,0,0,0,16.66666667
625,100481HO,2010,F1H,H0585,664,1,1,1,9.090909091
626,100485HO,2010,F1H,H0589,397,0,0,0,42.85714286
627,100487HO,2010,F1H,H0584,0,0,0,0,33.33333333
628,100489HO,2010,F1H,H0778,0,0,0,0,33.33333333
629,100496HO,2010,F1H,H0584,0,0,0,0,100.0
630,100497HO,2010,F1H,H0778,314,1,1,1,20.0
631,100498HO,2010,F1H,H0584,358,1,1,1,18.51851852
632,100504HO,2010,F1H,H0585,321,0,0,1,36.36363636
633,100505HO,2010,F1H,H0778,308,1,1,1,12.19512195
634,100509HO,2010,F1H,H0584,489,0,0,0,18.18181818
635,100510HO,2010,F1H,H0589,444,0,0,0,57.14285714
636,100520HO,2010,F1H,H0584,0,1,0,0,16.66666667
637,100521HO,2010,EC,H0589,0,0,0,0,100.0
638,100526HO,2010,F1H,H0778,0,0,0,0,33.33333333
639,100527HO,2010,EC,HO0681,0,0,0,0,50.0
640,100529HO,2010,F1H,H0585,433,1,0,1,18.91891892
641,100530HO,2010,F1H,H0585,441,0,0,1,19.04761905
642,100532HO,2010,F1H,H0584,0,0,0,0,33.33333333
643,100534HO,2010,F1H,H0585,595,0,0,1,17.64705882
644,100539HO,2010,F1H,H0778,313,0,0,1,20.0
645,100540HO,2010,F1H,H0585,548,1,0,1,13.79310345
646,100542HO,2010,F1H,H0584,0,0,0,0,20.0
647,100544HO,2010,F1H,H0585,662,1,1,1,21.21212121
648,100551HO,2010,EC,H0589,456,0,0,1,20.0
649,100552HO,2010,EC,H0589,0,0,0,0,33.33333333
650,100557HO,2010,F1H,H0585,0,0,0,0,0.0
651,100561HO,2010,F1H,H0778,0,0,0,0,33.33333333
652,100563HO,2010,F1H,H0585,420,0,1,1,25.92592593
653,100564HO,2010,F1H,H0584,0,0,0,0,40.0
654,100576HO,2010,F1H,H0585,0,1,0,0,28.57142857
655,100600HO,2010,F1H,H0585,0,1,0,1,28.57142857
656,100602HO,2010,F1H,H0589,382,1,0,1,24.32432432
657,100603HO,2010,F1H,H0585,0,0,0,0,16.66666667
658,100618HO,2010,F1H,H0585,437,0,0,0,50.0
659,100620HO,2010,F1H,H0585,0,0,0,0,25.0
660,100621HO,2010,F1H,H0585,320,1,0,1,22.85714286
661,100622HO,2010,F1H,H0589,453,1,1,1,19.35483871
662,100625HO,2010,F1H,H0585,442,0,0,1,30.0
663,100626HO,2010,F1H,H0589,629,1,0,1,25.0
664,100629HO,2010,F1H,H0778,543,0,0,1,40.0
665,100649HO,2010,F1H,H0778,571,1,0,1,18.18181818
666,100661HO,2010,F1H,H0778,414,1,0,1,18.18181818
667,100665HO,2010,F1H,H0589,0,0,0,0,100.0
668,100669HO,2010,F1H,H0778,304,1,1,1,15.78947368
669,100671HO,2010,F1H,H0589,392,1,0,1,22.85714286
670,100674HO,2010,F1H,H0778,191,1,0,1,41.66666667
671,100678HO,2010,F1H,H0589,335,1,0,1,24.24242424
672,100681HO,2010,F1H,H0585,332,1,0,1,19.44444444
673,100682HO,2010,F1H,H0585,539,0,0,1,20.0
674,100685HO,2010,F1H,H0589,453,1,0,1,33.33333333
675,100705HO,2010,F1H,H0778,0,0,0,0,33.33333333
676,100707HO,2010,F1H,H0778,0,1,0,1,14.28571429
677,100708HO,2010,F1H,H0778,493,0,1,1,39.28571429
679,100721HO,2010,F1H,H0585,646,0,0,0,33.33333333
680,100738HO,2010,F1H,H0778,0,0,0,0,66.66666667
681,100743HO,2010,F1H,H0681,436,0,0,1,42.85714286
682,100744HO,2010,F1H,H0589,498,1,1,1,20.0
683,100745HO,2010,F1H,H0589,416,0,1,1,16.66666667
684,100747HO,2010,F1H,H0589,327,1,0,1,26.66666667
685,100764HO,2010,F1H,H0778,671,1,1,1,16.12903226
686,100767HO,2010,F1H,H0778,520,1,0,1,20.51282051
687,100769HO,2010,F1H,H0585,350,0,0,1,24.390243899999998
688,100770HO,2010,F1H,H0778,347,0,0,1,38.46153846
689,100783HO,2010,F1H,H0584,381,0,1,0,16.66666667
690,100785HO,2010,F1H,H0589,302,0,0,0,50.0
691,100786HO,2010,F1H,H0778,358,0,0,0,30.0
692,100787HO,2010,F1H,H0585,0,0,0,0,100.0
693,100788HO,2010,F1H,H0585,398,1,0,1,21.21212121
694,100789HO,2010,F1H,H0589,0,0,0,0,25.0
695,100807HO,2010,F1H,H0585,0,0,0,0,50.0
696,100810HO,2010,F1H,H0778,0,0,0,0,20.0
697,100811HO,2010,F1H,H0589,0,0,0,0,50.0
698,100816HO,2010,F1H,H0585,0,1,0,1,11.11111111
699,100824HO,2010,F1H,H0681,428,0,0,1,50.0
700,100827HO,2010,F1H,H0681,588,1,0,0,11.76470588
701,100844HO,2010,EC,H0585,391,1,1,1,19.51219512
702,100845HO,2010,F1H,H0681,478,1,1,1,17.94871795
703,100853HO,2010,F1H,H0585,448,0,0,1,33.33333333
704,100856HO,2010,F1H,H0585,0,0,0,0,40.0
705,100859HO,2010,F1H,H0585,450,1,0,1,19.35483871
707,100870HO,2010,F1H,H0589,0,0,0,0,40.0
708,100886HO,2010,F1H,H0681,305,0,1,1,44.44444444
709,100887HO,2010,F1H,H0585,526,0,0,1,27.27272727
710,100889HO,2010,F1H,H0585,385,1,0,1,21.42857143
711,100890HO,2010,F1H,H0585,366,0,0,1,25.92592593
712,100898HO,2010,F1H,HOL,203,0,0,0,60.0
713,100901HO,2010,F1H,H0585,0,0,0,0,33.33333333
714,100902HO,2010,F1H,H0589,326,0,0,1,26.31578947
715,100935HO,2010,F1H,H0681,335,0,0,1,28.57142857
716,100937HO,2010,F1H,H0681,584,1,0,1,15.0
717,100939HO,2010,F1H,H0681,0,0,0,0,50.0
718,100941HO,2010,F1H,H0681,683,1,1,1,20.0
719,100948HO,2010,F1H,H0681,312,1,0,1,29.03225806
720,100949HO,2010,F1H,H0585,342,0,0,1,27.77777778
721,100953HO,2010,F1H,H0681,498,0,0,0,37.5
722,100955HO,2010,F1H,H0681,338,1,0,0,36.36363636
723,100958HO,2010,F1H,HO0681,0,0,0,0,33.33333333
724,101000HO,2010,F1H,H0681,419,0,0,1,25.0
725,101004HO,2010,F1H,H0681,329,0,1,1,21.62162162
726,101005HO,2010,F1H,H0681,320,0,0,0,83.33333333
727,101084CP,2010,F1H,BR,380,0,1,1,20.51282051
728,110000HO,2011,F1H,BR,418,1,0,1,23.33333333
729,110003CA,2011,F1H,HOL,382,0,0,1,23.07692308
731,110008JE,2011,F1J,JE5181,0,0,0,0,40.0
732,110009HO,2011,F1H,HO7681,388,1,0,1,20.0
735,110012HO,2011,F1H,HO7681,0,0,0,1,33.33333333
738,110014HO,2011,F1H,HO7681,0,0,0,0,50.0
739,110015HO,2011,F1H,HO7681,0,0,0,0,50.0
741,110016HO,2011,F1H,HO7816,0,0,0,0,33.33333333
742,110017HO,2011,F1H,HO7681,415,1,0,1,17.64705882
743,110018HO,2011,EC,HO8161,365,0,1,1,28.0
745,110019HO,2011,F1H,HO8161,515,0,1,1,25.0
747,110020HO,2011,F1H,HO7681,0,0,0,0,9.090909091
749,110021HO,2011,F1H,HO7816,719,1,1,1,7.407407407000001
751,110022JE,2011,F1J,JE5181,0,1,0,0,25.0
752,110023HO,2011,F1H,HO8161,329,1,0,1,18.18181818
753,110024HO,2011,F1H,HO8161,0,0,0,0,33.33333333
754,110025HO,2011,F1H,HO7681,0,0,0,0,50.0
756,110026JE,2011,F1J,JE5181,527,1,1,1,25.0
757,110027HO,2011,F1H,HO7681,662,1,1,1,10.52631579
758,110028HO,2011,F1H,HO7816,563,1,1,1,14.28571429
760,110029HO,2011,F1H,HO8161,326,1,0,1,20.0
763,110032HO,2011,F1H,HO7681,0,0,0,0,100.0
764,110033HO,2011,F1H,HO7681,391,1,1,1,11.11111111
765,110034HO,2011,F1H,HO8161,0,0,0,0,66.66666667
766,110035HO,2011,F1H,HO7681,334,1,0,1,23.07692308
767,110036HO,2011,F1H,HO7681,342,0,1,1,33.33333333
768,110037HO,2011,F1H,HO8161,433,1,1,1,27.02702703
769,110038HO,2011,F1H,HO7681,332,0,1,1,21.42857143
772,110041HO,2011,F1H,HO7681,415,0,0,1,33.33333333
774,110044HO,2011,F1H,HO7681,601,1,1,1,14.70588235
775,110045HO,2011,F1H,HO7681,400,1,1,1,14.70588235
777,110046HO,2011,EC,HO7681,339,0,0,1,25.0
779,110047HO,2011,F1H,HO8161,0,0,0,1,50.0
781,110049JE,2011,F1J,JERSEY,401,1,1,1,15.38461538
783,110050JE,2011,F1J,JE5181,315,0,1,1,25.0
786,110052HO,2011,EC,HO8161,0,0,0,0,50.0
787,110053HO,2011,F1H,HO7681,361,1,1,1,21.05263158
788,110054HO,2011,F1H,HO7681,521,1,0,1,20.51282051
789,110056HO,2011,F1H,HO7681,320,1,1,0,15.38461538
791,110057HO,2011,F1H,HOL,0,1,0,0,10.0
792,110058HO,2011,F1H,HO7681,580,0,0,1,19.04761905
793,110059HO,2011,F1H,HO7816,442,1,0,1,30.55555556
794,110060JE,2011,F1J,JE5181,492,1,1,1,17.14285714
795,110061HO,2011,F1H,HO7681,0,1,0,1,25.0
797,110062HO,2011,F1H,HO7681,0,0,0,0,50.0
799,110063HO,2011,F1H,HO7681,0,0,0,0,50.0
800,110064HO,2011,F1H,HO8161,385,0,1,1,26.66666667
802,110065HO,2011,F1H,HO7681,316,1,0,1,23.07692308
804,110066HO,2011,F1H,HO7681,346,1,0,1,25.0
806,110067HO,2011,F1H,HO7681,0,0,1,0,33.33333333
808,110069HO,2011,F1H,HO7681,0,1,0,0,37.5
809,110070HO,2011,F1H,HO7681,316,0,0,1,21.21212121
810,110071HO,2011,F1H,HO7681,0,0,0,1,11.11111111
812,110075HO,2011,F1H,HO7681,322,1,0,1,30.0
814,110076HO,2011,F1H,HO7681,413,0,0,1,16.66666667
815,110078HO,2011,F1H,HO7681,415,0,0,1,17.64705882
817,110081HO,2011,F1H,HO7681,371,1,0,1,40.0
819,110082HO,2011,F1H,HO7681,0,0,0,1,25.0
821,110084HO,2011,F1H,HO7681,0,0,0,0,14.28571429
831,110096HO,2011,F1H,HO7681,337,1,0,1,21.42857143
833,110098HO,2011,F1H,HO7681,360,1,0,0,50.0
834,110100HO,2011,F1H,HO8161,359,1,1,1,28.0
837,110102HO,2011,F1H,HO6440,487,0,0,1,11.11111111
840,110106HO,2011,F1H,HO7681,298,1,0,1,36.36363636
846,110114HO,2011,F1H,HO8516,513,1,1,1,25.0
847,110115HO,2011,F1H,HO0585,0,1,0,1,16.66666667
848,110115ME,2011,F1H,HOL,301,1,0,1,27.27272727
849,110116HO,2011,F1H,HO7681,540,1,1,1,21.42857143
850,110118HO,2011,F1H,HO7681,401,1,1,1,15.15151515
852,110120HO,2011,F1H,HO7816,335,1,1,1,18.51851852
857,110126HO,2011,F1H,HO7681,676,1,1,1,7.894736842
860,110128HO,2011,F1H,HO0585,330,0,1,1,16.66666667
867,110135HO,2011,F1H,HOL,630,0,0,1,11.11111111
868,110136HO,2011,F1H,HO7681,600,1,1,1,16.0
870,110139HO,2011,EC,HO0585,0,1,0,0,12.5
871,110139ME,2011,F1H,HOL,402,0,1,1,18.75
874,110141HO,2011,F1H,HO6440,637,1,1,1,14.81481481
876,110142HO,2011,F1H,HO7681,383,1,0,1,11.11111111
883,110154HO,2011,F1H,HO6440,584,1,1,1,10.52631579
885,110155HO,2011,F1H,HO8516,428,1,1,1,18.18181818
886,110157HO,2011,F1H,HO0585,397,0,0,0,100.0
887,110158HO,2011,F1H,HO0585,0,1,0,1,7.142857143
890,110160HO,2011,F1H,HO6440,440,1,1,1,27.586206899999997
894,110164HO,2011,F1H,HO8516,333,0,0,1,21.73913043
895,110165HO,2011,F1H,HO8516,325,1,0,1,28.57142857
896,110166HO,2011,F1H,HO7681,326,1,1,0,22.22222222
897,110168HO,2011,F1H,HO8745,314,0,0,1,29.16666667
899,110177HO,2011,F1H,HO8516,321,0,0,1,23.52941176
900,110178HO,2011,F1H,HO8745,539,0,1,1,21.42857143
901,110179HO,2011,F1H,HO778,277,0,0,1,38.46153846
904,110183HO,2011,F1H,HO8745,312,1,0,1,20.0
907,110185HO,2011,F1H,HO6440,310,1,0,1,19.23076923
911,110188HO,2011,F1H,HO7816,393,0,0,1,18.91891892
914,110190HO,2011,F1H,HO7681,0,0,0,0,33.33333333
917,110192HO,2011,F1H,HO6440,0,0,0,0,14.28571429
919,110198HO,2011,F1H,HO0585,314,0,1,1,33.33333333
921,110199HO,2011,F1H,HO6440,546,1,1,1,22.72727273
923,110203HO,2011,F1H,HO8745,305,0,0,1,28.0
924,110204ME,2011,F1H,HOL,380,0,0,1,18.18181818
926,110205HO,2011,F1H,HO8516,427,1,0,1,22.58064516
927,110207HO,2011,F1H,HO6440,317,1,0,1,14.28571429
928,110208HO,2011,F1H,HO7681,388,1,0,1,17.24137931
929,110209HO,2011,F1H,HOL,380,1,0,1,33.33333333
930,110212HO,2011,F1H,HO778,338,0,0,1,22.58064516
931,110212ME,2011,F1H,HOL,0,0,0,1,50.0
932,110214HO,2011,F1H,HO7681,510,0,0,1,11.76470588
933,110217HO,2011,F1H,HO7681,0,0,0,0,25.0
937,110220HO,2011,F1H,HO6440,484,1,1,1,22.58064516
939,110221HO,2011,F1H,HO6440,610,1,1,1,16.66666667
942,110229HO,2011,F1H,HO7681,689,1,1,1,11.11111111
946,110232HO,2011,F1H,HO7681,0,0,0,0,14.28571429
950,110236HO,2011,F1H,HO6440,589,1,0,1,11.76470588
953,110245HO,2011,F1H,HO7681,317,1,1,1,28.57142857
957,110250HO,2011,EC,HO7681,588,0,0,1,11.76470588
960,110252HO,2011,F1H,HO8745,411,0,1,1,30.76923077
961,110253HO,2011,F1H,HO7681,0,1,1,1,5.555555556
964,110256HO,2011,F1H,HO6440,560,1,1,1,18.51851852
966,110257HO,2011,F1H,HO7681,446,1,1,1,17.24137931
967,110259HO,2011,EC,HO7681,359,0,0,1,26.92307692
969,110260HO,2011,F1H,HO6440,386,0,0,1,25.0
972,110264HO,2011,F1H,HO778,0,0,1,0,50.0
975,110269HO,2011,F1H,HO6440,0,1,1,1,7.142857143
979,110275HO,2011,F1H,HO7681,411,1,0,1,25.92592593
981,110280HO,2011,F1H,HO7681,319,0,0,1,50.0
983,110281HO,2011,F1H,HO7681,0,0,0,0,16.66666667
985,110282HO,2011,F1H,HO8516,430,1,1,1,7.407407407000001
990,110287HO,2011,F1H,HO7681,321,1,0,1,19.35483871
991,110290HO,2011,F1H,HO0589,0,0,0,1,40.0
992,110291HO,2011,F1H,HO7681,441,0,1,1,23.33333333
996,110298HO,2011,F1H,HO7681,345,0,0,1,33.33333333
999,110304HO,2011,F1H,HO8161,400,1,0,1,13.33333333
1001,110305HO,2011,F1H,HO8161,414,0,0,1,23.52941176
1004,110307HO,2011,F1H,H0589,0,0,0,0,50.0
1009,110314HO,2011,F1H,HO8745,358,1,1,1,12.90322581
1010,110316HO,2011,F1H,HO0589,361,1,0,1,13.51351351
1012,110319HO,2011,F1H,HO0681,408,1,0,1,26.66666667
1016,110329HO,2011,F1H,HO0681,361,1,0,1,14.70588235
1019,110335HO,2011,F1H,HO8161,530,1,1,1,15.38461538
1021,110337HO,2011,F1H,HO0681,375,1,0,1,18.91891892
1022,110338HO,2011,F1H,HO8745,333,0,0,1,36.36363636
1023,110339HO,2011,F1H,H0681,311,0,0,1,31.25
1024,110340HO,2011,F1H,HO7681,0,0,0,0,33.33333333
1026,110341JE,2011,F1J,JE5181,322,1,0,1,16.66666667
1028,110342HO,2011,F1H,HO8161,327,1,0,1,25.80645161
1030,110343HO,2011,F1H,HO7681,343,1,0,1,14.70588235
1043,110355HO,2011,F1H,HO7681,0,1,1,0,16.66666667
1046,110358HO,2011,F1H,HO8161,369,1,0,1,16.66666667
1047,110359HO,2011,F1H,HO8161,367,1,1,1,25.0
1049,110360HO,2011,F1H,HO0589,326,0,0,1,25.0
1053,110367HO,2011,F1H,HO8161,402,1,1,1,21.42857143
1057,110370HO,2011,F1H,HOL,383,1,0,1,20.68965517
1058,110376HO,2011,F1H,HO8745,553,0,0,1,26.31578947
1059,110382HO,2011,F1H,HO8745,379,1,1,1,16.12903226
1060,110406HO,2011,F1H,HO0778,328,1,0,1,25.0
1061,110410HO,2011,F1H,HO8745,364,1,1,1,15.38461538
1062,110412JE,2011,F1J,JE5181,459,0,1,1,20.0
1063,110413HO,2011,F1H,H0681,493,0,0,1,25.0
1064,110417HO,2011,F1H,H0681,430,1,1,1,22.22222222
1065,110424HO,2011,F1H,H0681,308,0,0,1,21.875
1066,110426HO,2011,F1H,HO7816,527,1,1,1,14.70588235
1067,110438HO,2011,F1H,HO7816,377,1,1,1,14.28571429
1068,110439HO,2011,F1H,HO8745,614,1,1,1,20.0
1069,110442HO,2011,F1H,HO7816,360,1,0,1,25.0
1070,110443HO,2011,F1H,HO8516,544,0,0,1,35.71428571
1071,110450HO,2011,F1H,HO0589,349,1,0,1,19.23076923
1072,110454HO,2011,F1H,HO8516,459,1,1,1,20.68965517
1073,110462HO,2011,F1H,HO8745,0,0,0,1,14.28571429
1074,110474HO,2011,F1H,HO0585,475,1,1,1,14.70588235
1075,110484HO,2011,F1H,HOL,479,1,0,0,25.0
1076,110485HO,2011,F1H,HO8516,544,0,0,0,20.0
1077,110487HO,2011,F1H,HO8516,343,0,0,1,20.68965517
1078,110491HO,2011,F1H,HO0589,0,0,0,0,20.0
1079,110513HO,2011,F1H,HO0589,332,1,1,1,20.0
1080,110515HO,2011,F1H,HO0589,0,0,0,0,12.5
1081,110519HO,2011,F1H,HO0589,412,0,0,1,27.27272727
1082,110520HO,2011,F1H,HO0589,396,1,1,1,26.66666667
1083,110522HO,2011,F1H,HO0589,368,0,0,1,18.75
1084,110531HO,2011,F1H,HO0585,0,1,1,1,5.882352941000001
1085,110532HO,2011,F1H,HO7816,558,1,1,1,16.66666667
1086,110533HO,2011,F1H,HO0589,323,1,0,1,26.92307692
1087,110534HO,2011,F1H,HO0589,0,0,0,1,28.57142857
1088,110539HO,2011,F1H,HO7816,722,0,1,1,25.0
1089,110543HO,2011,EC,HO7816,302,0,0,1,14.28571429
1090,110547JE,2011,F1J,JERSEY,422,0,0,1,20.83333333
1091,110554HO,2011,F1H,HO8516,328,1,0,1,20.0
1092,110555HO,2011,F1H,HO8516,328,0,0,1,22.22222222
1093,110562HO,2011,F1H,H00589,363,1,0,1,19.04761905
1094,110563HO,2011,F1H,HOL,325,0,0,1,25.0
1095,110579HO,2011,F1H,HO8161,305,0,0,1,33.33333333
1096,110580HO,2011,F1H,HO0589,560,0,0,1,26.66666667
1097,110587HO,2011,F1H,HO0589,374,1,1,1,19.44444444
1098,110589HO,2011,F1H,HO8745,346,1,0,1,20.83333333
1099,110591HO,2011,F1H,HO7816,0,0,0,0,12.5
1100,110609HO,2011,F1H,HO0585,390,0,0,1,20.0
1101,110613HO,2011,F1H,HO0589,323,0,0,1,23.07692308
1102,110614HO,2011,F1H,HO0589,338,0,0,1,40.0
1103,110615HO,2011,F1H,HO7816,336,1,0,1,14.28571429
1104,110617HO,2011,F1H,HO0589,395,1,1,1,18.75
1105,110636HO,2011,F1H,HO0585,567,1,0,1,12.0
1106,110639HO,2011,F1H,HO8745,394,1,0,1,13.63636364
1107,110640HO,2011,F1H,HO8745,0,0,0,0,50.0
1108,110644HO,2011,F1H,H0681,323,1,0,1,20.0
1109,110654HO,2011,F1H,HO7816,398,1,1,1,17.14285714
1110,110657HO,2011,F1H,HO0589,0,0,0,1,16.66666667
1111,110658HO,2011,F1H,HO8745,442,1,1,1,12.0
1112,110659HO,2011,F1H,HO0589,346,0,0,1,17.64705882
1113,110660HO,2011,EC,HO8161,342,0,1,1,30.0
1114,110662HO,2011,F1H,HO8516,483,1,1,1,16.12903226
1115,110664HO,2011,F1H,HO0778,337,0,0,1,23.52941176
1116,110668HO,2011,F1H,HO8745,333,1,0,1,39.13043478
1117,110669HO,2011,F1H,HO8745,685,1,1,1,20.0
1118,110670HO,2011,F1H,HO8745,322,1,1,1,18.18181818
1119,110671HO,2011,F1H,H0671,0,0,0,1,14.28571429
1120,110674HO,2011,F1H,HO8745,304,1,1,1,20.83333333
1121,110687HO,2011,F1H,HO8745,398,0,0,1,20.0
1122,110688HO,2011,F1H,HO8745,515,1,0,1,10.0
1123,110691HO,2011,F1H,HO8516,319,0,0,1,28.125
1124,110693HO,2011,F1H,HO8745,330,0,0,1,27.27272727
1125,110697HO,2011,F1H,HO0681,654,1,1,1,12.5
1126,110698HO,2011,F1H,HO0589,345,1,1,1,21.875
1127,110705HO,2011,F1H,HO0778,311,0,0,1,20.0
1128,110707HO,2011,F1H,HO8745,306,1,0,1,20.83333333
1129,110708HO,2011,F1H,HO8516,502,1,1,1,28.0
1130,110712HO,2011,F1H,HO0585,556,1,1,1,16.66666667
1131,110728HO,2011,F1H,HO7816,367,0,0,1,29.41176471
1132,110735HO,2011,F1H,HO0589,413,0,0,1,20.0
1133,110737HO,2011,F1H,HO0589,323,1,1,1,27.27272727
1134,110742HO,2011,F1H,HO8516,350,1,0,1,25.0
1135,110745HO,2011,F1H,HO0589,318,0,1,1,18.51851852
1136,110747HO,2011,F1H,HO0589,0,0,0,0,20.0
1137,110754HO,2011,F1H,HO8516,548,1,1,1,13.04347826
1138,110769HO,2011,F1H,HO0585,539,1,1,1,11.11111111
1139,110770HO,2011,F1H,HO8745,359,1,0,1,12.5
1140,110775HO,2011,F1H,HO8745,370,0,0,1,33.33333333
1141,110783HO,2011,F1H,HO0589,483,1,1,1,20.0
1142,110786HO,2011,F1H,HO8745,338,1,1,1,19.35483871
1143,110794HO,2011,F1H,HO8745,354,0,1,1,15.15151515
1144,110797HO,2011,F1H,HO8745,416,1,0,1,21.875
1145,110802HO,2011,F1H,HO0589,592,0,0,1,21.05263158
1146,110807HO,2011,F1H,HO8745,618,1,1,1,25.0
1147,110810HO,2011,F1H,HO0589,337,1,0,1,18.75
1148,110811HO,2011,F1H,HO8745,447,0,0,1,16.66666667
1149,110813HO,2011,F1H,HO8516,324,0,0,1,16.66666667
1150,110814HO,2011,F1H,HO8745,382,0,0,1,27.27272727
1151,110819HO,2011,F1H,HO8516,381,1,1,1,24.13793103
1152,110820HO,2011,F1H,HO0589,917,1,1,1,17.85714286
1153,110829HO,2011,F1H,HO8745,341,0,0,1,26.66666667
1154,110832HO,2011,F1H,HO8745,0,1,0,1,25.0
1155,110835HO,2011,F1H,HO0585,379,0,0,1,33.33333333
1156,110837HO,2011,F1H,HO8745,532,1,1,1,20.0
1157,110838HO,2011,F1H,HO8745,453,1,1,1,25.80645161
1158,110840HO,2011,F1H,HO8745,0,0,0,0,25.0
1159,110841HO,2011,F1H,HO8745,372,0,1,1,25.0
1160,110842HO,2011,F1H,HO0589,330,1,1,1,21.21212121
1161,110848HO,2011,F1H,HO8745,343,0,0,1,38.46153846
1162,110853HO,2011,F1H,HO0681,340,1,0,1,24.13793103
1163,110854HO,2011,F1H,HO0589,639,1,0,1,26.92307692
1164,110855HO,2011,F1H,HO0589,0,0,0,0,50.0
1165,110856HO,2011,F1H,HO8745,345,0,0,1,30.0
1166,110859HO,2011,F1H,HO8745,513,1,1,1,18.51851852
1167,110860HO,2011,F1H,HO8745,571,1,1,1,20.68965517
1168,110866HO,2011,F1H,HO0681,341,0,0,1,21.42857143
1169,110867HO,2011,F1H,HO0681,346,1,0,1,24.13793103
1170,110870HO,2011,F1H,HO8745,0,0,0,0,50.0
1171,110873HO,2011,F1H,HO0681,357,1,1,1,17.64705882
1172,110874HO,2011,F1H,HO0681,332,0,1,1,21.73913043
1173,110877HO,2011,F1H,HO8745,367,0,1,1,16.12903226
1174,110879HO,2011,F1H,HO8745,309,0,0,1,22.22222222
1175,110883HO,2011,EC,HO0681,554,1,1,1,16.66666667
1176,110887HO,2011,F1H,HO8745,390,1,0,1,20.68965517
1177,110894HO,2011,F1H,HO0681,378,0,1,1,13.33333333
1178,110895HO,2011,F1H,HO8745,0,0,0,1,14.28571429
1179,110896HO,2011,F1H,HO8745,450,1,1,1,20.0
1180,110897HO,2011,F1H,HO0681,0,0,0,0,50.0
1181,110901HO,2011,F1H,HO8745,330,1,1,1,22.85714286
1182,110903HO,2011,F1H,HO7494,340,0,0,1,21.42857143
1183,110904HO,2011,F1H,HO0681,388,1,1,1,18.75
1184,110915HO,2011,F1H,HO8745,342,1,0,1,22.22222222
1185,110919HO,2011,F1H,HO8745,0,0,0,0,50.0
1186,110923HO,2011,F1H,HO0681,0,1,1,0,7.142857143
1187,110924HO,2011,F1H,HO0589,297,0,0,1,25.0
1188,110926HO,2011,F1H,HO7494,321,0,0,1,27.27272727
1189,110930HO,2011,F1H,HO0681,343,0,0,1,24.13793103
1190,110931HO,2011,F1H,HO8745,457,1,0,1,14.70588235
1191,110936HO,2011,F1H,HO7494,583,1,1,1,12.5
1192,110940HO,2011,F1H,HO8745,474,0,0,1,33.33333333
1193,110945HO,2011,F1H,HO0589,553,1,1,1,18.51851852
1194,110946HO,2011,F1H,HO8745,426,0,0,0,14.28571429
1195,110949HO,2011,F1H,HO8745,322,0,0,1,27.27272727
1196,110957HO,2011,F1H,HO7494,367,1,0,1,21.42857143
1197,110961HO,2011,F1H,HO7494,533,0,0,1,10.52631579
1198,110967HO,2011,F1H,HO7494,545,0,0,1,16.66666667
1199,110968HO,2011,EC,HO8745,490,0,0,1,30.76923077
1200,110969HO,2011,F1H,HO0681,388,0,1,1,21.875
1201,110970HO,2011,F1H,HO8745,632,1,1,1,19.04761905
1202,110971HO,2011,F1H,HO0681,503,1,0,1,12.12121212
1203,110972HO,2011,F1H,HO7494,355,1,0,1,22.58064516
1204,110975HO,2011,F1H,HO7494,401,0,0,1,25.0
1205,110979HO,2011,F1H,HO7494,327,1,0,0,12.5
1206,110982HO,2011,F1H,HO7494,319,1,1,1,13.33333333
1207,110986HO,2011,F1H,HO7494,401,1,1,1,15.625
1208,110990HO,2011,F1H,HO7494,330,0,0,1,21.05263158
1209,111003HO,2011,F1H,HO8161,647,0,1,1,22.72727273
1210,111005HO,2011,F1H,HO7494,396,1,0,1,18.42105263
1211,111016HO,2011,F1H,HO7494,405,0,0,1,21.875
1212,111019HO,2011,F1H,HO0681,337,0,0,1,23.07692308
1214,111024HO,2011,F1H,HO0681,404,1,0,1,24.13793103
1215,111029HO,2011,F1H,HO0681,303,1,0,1,27.27272727
1216,111031HO,2011,F1H,HO8161,384,1,1,1,22.58064516
1217,111049HO,2011,F1H,HO8161,357,0,0,1,23.80952381
1218,111050HO,2011,F1H,HO8161,342,0,0,1,28.57142857
1219,111053HO,2011,F1H,HO8161,431,0,0,1,31.25
1220,111054HO,2011,F1H,HO8161,391,1,1,1,23.33333333
1221,111058HO,2011,F1H,HO8161,0,0,0,0,0.0
1222,111068HO,2011,F1H,HO0681,407,1,1,1,14.28571429
1223,111070HO,2011,F1H,HO8161,317,1,1,1,24.0
1224,111073HO,2011,F1H,HO8161,326,1,0,1,26.66666667
1225,111084HO,2011,F1H,HO8161,333,0,1,1,22.58064516
1226,111097HO,2011,F1H,HO8745,371,1,0,1,21.21212121
1227,111106HO,2011,F1H,HO8161,336,0,0,1,25.0
1228,111109HO,2011,F1H,HO8161,349,0,0,1,22.22222222
1229,111120HO,2011,F1H,HO8161,0,0,0,0,33.33333333
1230,111124HO,2011,F1H,HO8161,211,1,0,1,28.57142857
1231,111126HO,2011,F1H,HO8161,324,1,0,1,22.22222222
1232,111131HO,2011,F1H,HO8161,343,0,0,1,20.68965517
1233,111142HO,2011,F1H,HO8161,534,1,1,1,20.58823529
1235,113389SD,2011,F1H,H9247,404,0,1,1,14.28571429
1236,113406SD,2011,F1H,H7979,384,0,0,1,22.22222222
1237,113422SD,2011,F1H,H8161,330,0,0,1,19.23076923
1238,113481SD,2011,F1H,H6992,0,1,1,0,0.0
1239,113489SD,2011,F1H,H7979,334,0,0,0,11.11111111
1240,113603SD,2011,F1H,BR,328,1,0,1,19.23076923
1241,113639SD,2011,F1H,H6992,371,0,0,1,9.090909091
1242,113718SD,2011,F1H,H7494,517,1,1,1,15.38461538
1243,113743SD,2011,F1H,H7494,667,1,1,1,6.666666667
1244,113762SD,2011,F1H,H10188,549,1,0,1,20.0
1245,113771SD,2011,F1H,H9247,372,0,0,1,25.0
1246,113796SD,2011,F1H,HOL,0,0,0,1,20.0
1247,113800SD,2011,F1H,H10356,354,1,0,1,16.66666667
1248,113823SD,2011,F1H,H7979,395,1,1,1,15.625
1249,113832SD,2011,F1H,H8161,347,0,0,1,7.692307692000001
1250,113838SD,2011,F1H,H8161,386,1,0,1,16.66666667
1251,113841SD,2011,F1H,H7979,569,1,0,1,17.24137931
1252,113884SD,2011,F1H,H7494,337,0,0,1,21.42857143
1253,113886SD,2011,F1H,H7494,499,1,1,1,16.12903226
1255,113932SD,2011,F1H,H7494,396,0,0,1,16.66666667
1256,113938SD,2011,F1H,H8745,293,0,0,1,20.0
1257,113942SD,2011,F1H,H10188,320,1,0,1,18.18181818
1258,113953SD,2011,F1H,H9900,354,0,0,1,8.333333332999999
1259,113967SD,2011,F1H,H7494,337,1,1,1,17.24137931
1260,113969SD,2011,F1H,H8347,514,1,0,1,10.0
1261,113974SD,2011,F1H,H8161,310,0,0,1,16.66666667
1262,113980SD,2011,F1H,H7494,516,1,1,1,17.24137931
1263,113986SD,2011,F1H,H6992,341,0,0,1,19.23076923
1264,113996SD,2011,F1H,H6992,375,0,0,1,9.090909091
1265,114001SD,2011,F1H,H8161,405,0,0,1,26.08695652
1266,114004SD,2011,F1H,H6992,581,1,1,1,10.0
1267,114005SD,2011,F1H,H6992,405,0,0,1,8.333333332999999
1268,114010SD,2011,F1H,H8347,357,1,0,1,20.83333333
1269,114017SD,2011,F1H,H7494,0,0,1,0,0.0
1270,114021SD,2011,F1H,H8161,358,0,0,1,25.92592593
1271,114025SD,2011,F1H,H9504,305,0,0,1,30.0
1272,114029SD,2011,F1H,H8347,323,0,0,1,20.83333333
1273,114031SD,2011,F1H,H8347,445,1,1,1,11.42857143
1274,114034SD,2011,F1H,H9900,490,0,0,1,15.38461538
1275,114036SD,2011,F1H,H8347,434,1,0,1,16.0
1276,114040SD,2011,F1H,H7494,404,0,0,1,16.66666667
1277,114044SD,2011,F1H,H8745,415,0,0,1,26.08695652
1278,114046SD,2011,F1H,H6992,539,0,0,1,22.22222222
1279,114052SD,2011,F1H,H6992,662,1,1,1,8.695652174
1280,114054SD,2011,F1H,H8745,424,1,0,1,27.27272727
1281,114060SD,2011,F1H,H8347,389,0,0,1,19.04761905
1282,114061SD,2011,F1H,H9504,487,0,0,1,19.23076923
1283,114071SD,2011,F1H,H8161,364,1,0,1,16.66666667
1284,114082SD,2011,F1H,H9900,526,1,0,1,11.53846154
1285,114085SD,2011,F1H,H8161,326,1,1,1,20.0
1286,114088SD,2011,F1H,H9900,320,0,0,1,19.04761905
1287,114089SD,2011,F1H,H7494,419,0,0,1,22.72727273
1288,114090SD,2011,F1H,H7494,432,1,0,1,11.11111111
1289,114092SD,2011,F1H,H9504,376,0,0,1,7.142857143
1290,114093SD,2011,F1H,H7494,358,1,0,1,17.39130435
1291,114109SD,2011,F1H,H9504,372,1,0,1,12.90322581
1292,114113SD,2011,F1H,H8161,341,1,0,1,10.71428571
1293,114115SD,2011,F1H,H8161,359,1,0,1,9.523809523999999
1294,114121SD,2011,F1H,H7494,514,1,1,1,11.53846154
1295,114127SD,2011,F1H,H7494,461,1,0,1,18.51851852
1296,114133SD,2011,F1H,H8161,478,1,0,1,7.692307692000001
1297,114138SD,2011,F1H,H7494,403,1,0,1,13.33333333
1298,114139SD,2011,F1H,HOL,325,0,0,1,25.0
1299,114141SD,2011,F1H,H7494,550,1,0,1,12.90322581
1301,114153SD,2011,F1H,H6440,306,0,1,1,16.0
1302,114155SD,2011,F1H,H8161,327,0,0,1,17.24137931
1303,114161SD,2011,F1H,H8161,301,0,0,1,27.77777778
1304,114171SD,2011,F1H,H8161,328,0,0,1,15.38461538
1305,114172SD,2011,F1H,H6440,492,1,1,1,15.625
1306,114173SD,2011,F1H,H8161,507,1,1,1,15.38461538
1307,114181SD,2011,F1H,H7494,545,1,1,1,19.35483871
1308,114183SD,2011,F1H,H8161,322,1,1,1,8.695652174
1309,114187SD,2011,F1H,H8161,328,0,0,1,14.28571429
1310,114192SD,2011,F1H,H9711,355,1,0,1,22.72727273
1311,114194SD,2011,F1H,H7494,411,0,1,1,19.35483871
1312,114195SD,2011,F1H,H7979,339,0,0,1,16.0
1314,114200SD,2011,F1H,H10356,310,0,0,1,23.80952381
1315,114220SD,2011,F1H,H9900,345,0,0,1,24.0
1316,114232SD,2011,F1H,H8161,334,1,0,1,17.24137931
1318,114237SD,2011,F1H,H8745,320,0,0,1,19.04761905
1319,114269SD,2011,F1H,H0594,315,0,0,1,6.666666667
1320,114273SD,2011,F1H,H10356,355,0,0,1,21.73913043
1321,114284SD,2011,F1H,H10188,340,0,0,1,27.27272727
1322,114290SD,2011,F1H,H8347,489,1,1,1,9.677419355
1323,114294SD,2011,F1H,H10356,420,0,0,1,18.51851852
1324,114297SD,2011,F1H,H8161,330,1,0,1,21.42857143
1325,114317SD,2011,F1H,H10188,331,0,0,1,14.28571429
1326,114336SD,2011,F1H,H9711,0,0,0,0,33.33333333
1328,120001CA,2012,F1H,HOL,355,1,1,1,25.0
1329,120001SD,2012,F1H,H9900,692,1,1,1,7.692307692000001
1330,120002SD,2012,F1H,H9900,349,0,1,1,7.142857143
1332,120003HO,2012,F1H,HO9900,313,1,0,1,21.42857143
1333,120004CA,2012,F1H,BR,337,0,0,1,20.83333333
1334,120004HO,2012,F1H,HO8161,312,1,0,1,27.27272727
1335,120004SD,2012,F1H,HOL,331,1,0,1,24.0
1336,120005HO,2012,F1H,HO9504,319,1,1,1,18.18181818
1337,120006CA,2012,F1H,BR,0,1,0,1,0.0
1338,120006HO,2012,F1H,HO9711,311,1,1,1,20.68965517
1340,120007CA,2012,F1H,BR,377,1,1,1,18.18181818
1341,120007SD,2012,F1H,H9900,344,0,0,1,16.66666667
1342,120008CA,2012,F1H,BR,341,0,0,1,15.0
1343,120008SD,2012,F1H,H9711,570,1,1,1,14.70588235
1344,120009CA,2012,F1H,HOL,355,1,1,1,17.85714286
1345,120009HO,2012,F1H,HO9900,387,0,0,1,26.66666667
1346,120009SD,2012,F1H,H8161,323,0,0,1,26.92307692
1348,120010CA,2012,F1H,BR,302,0,0,1,23.07692308
1350,120011HO,2012,F1H,HO9900,0,0,0,0,50.0
1351,120011SD,2012,F1H,H8161,405,0,0,1,25.0
1352,120013SD,2012,F1H,H9900,315,1,1,1,14.28571429
1354,120014SD,2012,F1H,H0900,328,0,0,1,22.72727273
1355,120015HO,2012,F1H,HO9900,321,0,0,1,16.0
1356,120016HO,2012,F1H,HO9504,0,0,0,0,50.0
1358,120018HO,2012,F1H,HO9900,361,1,0,1,23.07692308
1359,120020HO,2012,F1H,HO9504,330,0,0,0,33.33333333
1360,120021HO,2012,F1H,HO9504,367,0,0,1,37.5
1361,120021SD,2012,F1H,H0900,324,1,0,1,20.68965517
1363,120022SD,2012,F1H,H7494,408,1,0,1,14.81481481
1364,120023HO,2012,F1H,HO8161,354,1,1,1,25.0
1365,120023SD,2012,F1H,H8161,560,1,0,1,12.90322581
1366,120024HO,2012,F1H,HO8161,505,1,0,1,20.0
1367,120024SD,2012,F1H,H9900,411,1,0,1,16.66666667
1369,120025SD,2012,F1H,H9711,370,0,0,1,12.90322581
1370,120026HO,2012,F1H,HO9504,301,1,0,1,14.81481481
