ID,P,V,A,Efectividad
080001,7,18,0,28.0
080003,4,6,0,40.0
080005,2,1,0,66.6666666667
080009,3,7,0,30.0
080010,2,0,0,100.0
080013,4,13,0,23.5294117647
080020,3,4,0,42.8571428571
080021,9,19,0,32.1428571429
080025,1,4,0,20.0
080025SD,0,0,1,0.0
080031,2,3,0,40.0
080034,4,0,0,100.0
080040,5,3,0,62.5
080042,8,15,1,33.3333333333
080048,5,4,2,45.4545454545
080054,5,25,0,16.6666666667
080057,5,21,0,19.2307692308
080069,8,23,0,25.8064516129
080071,1,0,0,100.0
080080CA,3,15,0,16.6666666667
080085,5,3,0,62.5
080094,2,4,0,33.3333333333
080097,1,0,0,100.0
080099SD,1,17,0,5.55555555556
080113,3,1,0,75.0
080116,2,3,0,40.0
080125,5,12,0,29.4117647059
080131,8,35,0,18.6046511628
080134,3,10,0,23.0769230769
080140,1,3,0,25.0
080151,4,19,0,17.3913043478
080153,4,30,0,11.7647058824
080175,10,19,0,34.4827586207
080177,0,1,0,0.0
080180,5,21,0,19.2307692308
080192,7,20,0,25.9259259259
080197,1,4,0,20.0
080198,5,30,0,14.2857142857
080211,3,7,0,30.0
080217,3,5,0,37.5
080219,7,23,0,23.3333333333
080220,1,0,0,100.0
080222,2,6,0,25.0
080224,1,0,0,100.0
080244,4,8,0,33.3333333333
080248,2,3,1,33.3333333333
080250SD,0,2,0,0.0
080252SD,2,8,0,20.0
08080CA,2,5,0,28.5714285714
08082CA,1,7,0,12.5
088000SD,1,3,0,25.0
088019SD,1,3,0,25.0
088025SD,3,2,0,60.0
088067SD,2,4,0,33.3333333333
088075SD,1,0,0,100.0
088085SD,3,3,0,50.0
088090SD,6,13,0,31.5789473684
088099SD,3,3,0,50.0
088108SD,1,4,0,20.0
088218SD,3,9,0,25.0
088250SD,3,2,0,60.0
088252SD,4,1,0,80.0
088276CP,3,8,1,25.0
090002HO,4,22,0,15.3846153846
090003HO,2,2,0,50.0
090004HO,3,6,0,33.3333333333
090006CP,6,20,0,23.0769230769
090006HO,6,26,0,18.75
090007HO,9,28,0,24.3243243243
090008HO,1,1,0,50.0
090009HO,8,18,0,30.7692307692
090010HO,8,13,1,36.3636363636
090011HO,1,1,0,50.0
090012HO,5,12,1,27.7777777778
090053HO,1,2,0,33.3333333333
090054HO,4,3,0,57.1428571429
090055HO,8,19,0,29.6296296296
090056HO,4,12,0,25.0
090057HO,1,16,0,5.88235294118
090058HO,3,19,1,13.0434782609
090059HO,1,6,0,14.2857142857
090012HO,0,1,0,0.0
090013HO,3,3,0,50.0
090014HO,5,10,2,29.4117647059
090015HO,9,22,0,29.0322580645
090016CP,5,28,0,15.1515151515
090016HO,0,2,0,0.0
090017HO,4,10,0,28.5714285714
090018HO,3,14,0,17.6470588235
090021HO,6,21,0,22.2222222222
090024HO,1,7,0,12.5
090026HO,3,6,0,33.3333333333
090027HO,3,0,0,100.0
090028HO,1,10,0,9.09090909091
090030HO,1,11,0,8.33333333333
090031HO,5,16,0,23.8095238095
090032HO,5,27,0,15.625
090033HO,7,25,0,21.875
090034HO,5,10,0,33.3333333333
090035HO,3,4,0,42.8571428571
090036HO,7,20,0,25.9259259259
090039HO,3,2,0,60.0
090040HO,4,3,0,57.1428571429
090041HO,8,30,0,21.0526315789
090042HO,10,30,1,24.3902439024
090043HO,7,30,1,18.4210526316
090044HO,6,16,0,27.2727272727
090047HO,2,1,0,66.6666666667
090048HO,5,10,0,33.3333333333
090049HO,5,14,0,26.3157894737
090050HO,4,10,0,28.5714285714
090051HO,3,3,0,50.0
090052HO,3,1,1,60.0
090053HO,2,5,0,28.5714285714
090060HO,3,29,0,9.375
090061HO,2,1,0,66.6666666667
090063HO,4,14,0,22.2222222222
090065HO,6,15,1,27.2727272727
090124HO,1,5,0,16.6666666667
090127HO,9,26,0,25.7142857143
090128HO,6,19,0,24.0
090131HO,7,27,0,20.5882352941
090132HO,6,14,0,30.0
090065HO,1,5,0,16.6666666667
090069HO,5,27,0,15.625
090070HO,1,10,0,9.09090909091
090072HO,2,1,0,66.6666666667
090078HO,3,3,1,42.8571428571
090079HO,2,1,0,66.6666666667
090080HO,2,11,1,14.2857142857
090082HO,7,15,1,30.4347826087
090086HO,3,11,0,21.4285714286
090088AG,2,2,0,50.0
090088HO,7,24,0,22.5806451613
090089HO,1,6,0,14.2857142857
090090HO,6,15,1,27.2727272727
090091CA,8,16,2,30.7692307692
090091HO,2,0,0,100.0
090092HO,4,21,0,16.0
090094HO,8,26,1,22.8571428571
090097HO,5,10,0,33.3333333333
090099HO,9,28,2,23.0769230769
090101HO,7,22,0,24.1379310345
090103HO,7,22,0,24.1379310345
090106HO,8,31,0,20.5128205128
090107HO,4,6,0,40.0
090108HO,5,29,0,14.7058823529
090109HO,5,15,1,23.8095238095
090110HO,7,24,0,22.5806451613
090124HO,5,23,0,17.8571428571
090132HO,0,5,0,0.0
090137HO,8,32,0,20.0
090140HO,3,1,0,75.0
090144HO,1,1,0,50.0
090145HO,2,5,0,28.5714285714
090147HO,1,4,0,20.0
090148HO,2,11,0,15.3846153846
090150HO,8,26,0,23.5294117647
090151HO,0,2,0,0.0
090155HO,5,14,0,26.3157894737
090156HO,8,25,0,24.2424242424
090157HO,2,26,0,7.14285714286
090159HO,8,26,0,23.5294117647
090161HO,7,29,0,19.4444444444
090162HO,11,30,1,26.1904761905
090163CP,5,17,2,20.8333333333
090164HO,7,28,0,20.0
090167HO,7,24,0,22.5806451613
09016CP,1,2,0,33.3333333333
090170HO,5,24,0,17.2413793103
090174HO,3,5,0,37.5
090175HO,9,17,0,34.6153846154
090177HO,8,23,1,25.0
090178HO,1,0,0,100.0
090179HO,5,23,0,17.8571428571
090181HO,2,4,0,33.3333333333
090186HO,1,4,0,20.0
090189HO,6,27,0,18.1818181818
090193HO,2,6,0,25.0
090195HO,1,3,0,25.0
090198HO,6,24,0,20.0
090203HO,2,5,0,28.5714285714
090205HO,5,10,1,31.25
090206HO,7,31,0,18.4210526316
090217HO,2,25,0,7.40740740741
090218HO,6,14,1,28.5714285714
090219HO,5,9,0,35.7142857143
090227HO,4,1,0,80.0
090228HO,6,19,0,24.0
090232HO,2,1,0,66.6666666667
090233HO,2,0,0,100.0
090238HO,0,11,0,0.0
090247HO,3,7,0,30.0
090250HO,1,1,0,50.0
090267HO,6,20,0,23.0769230769
090269HO,6,21,0,22.2222222222
090270HO,3,20,0,13.0434782609
090273HO,8,28,0,22.2222222222
090275HO,5,23,0,17.8571428571
090277HO,7,22,0,24.1379310345
090294HO,4,3,0,57.1428571429
090297HO,4,4,0,50.0
090303HO,1,10,0,9.09090909091
090331HO,0,2,0,0.0
090332HO,2,3,0,40.0
090339HO,4,28,0,12.5
090343HO,2,1,0,66.6666666667
090347HO,1,6,0,14.2857142857
090351HO,6,18,0,25.0
090356HO,7,33,0,17.5
090368HO,1,0,0,100.0
090369HO,2,8,0,20.0
090370HO,0,1,0,0.0
090374HO,2,4,0,33.3333333333
090378HO,6,22,4,18.75
090384HO,5,23,0,17.8571428571
090385HO,1,16,0,5.88235294118
090386HO,9,23,0,28.125
090388HO,3,21,0,12.5
090389HO,8,33,0,19.512195122
090399HO,6,25,1,18.75
090400HO,8,27,0,22.8571428571
090401HO,6,30,0,16.6666666667
090402HO,3,7,0,30.0
090404HO,2,10,0,16.6666666667
090405HO,3,9,0,25.0
090406HO,7,24,0,22.5806451613
090407HO,3,22,1,11.5384615385
090416HO,1,2,0,33.3333333333
090417HO,5,12,0,29.4117647059
090418HO,4,3,0,57.1428571429
090421HO,3,1,1,60.0
090422HO,1,2,0,33.3333333333
090424HO,4,3,0,57.1428571429
090425HO,1,2,0,33.3333333333
090427HO,8,26,0,23.5294117647
090428HO,2,8,0,20.0
090431HO,4,14,0,22.2222222222
090440HO,1,0,0,100.0
090441HO,7,33,0,17.5
090442HO,0,14,0,0.0
090449HO,7,22,0,24.1379310345
090450HO,1,3,0,25.0
090451HO,2,2,0,50.0
090452HO,6,24,1,19.3548387097
090454HO,4,21,0,16.0
090455HO,8,26,0,23.5294117647
090456HO,0,9,0,0.0
090457HO,6,27,0,18.1818181818
090461HO,3,0,0,100.0
090462HO,9,13,0,40.9090909091
090466HO,1,4,0,20.0
090467HO,7,28,0,20.0
090471HO,6,15,0,28.5714285714
090475HO,3,15,0,16.6666666667
090479HO,5,24,1,16.6666666667
090483HO,1,1,0,50.0
090484HO,8,33,0,19.512195122
090486HO,1,3,0,25.0
090495HO,1,3,0,25.0
090497HO,0,9,0,0.0
090498HO,5,22,0,18.5185185185
090506HO,7,24,0,22.5806451613
090507HO,3,4,0,42.8571428571
090509HO,9,24,0,27.2727272727
090512HO,2,0,0,100.0
090513HO,9,24,1,26.4705882353
090514HO,4,0,1,80.0
090517HO,1,1,0,50.0
090519HO,1,2,0,33.3333333333
090523HO,2,5,0,28.5714285714
090536HO,0,2,0,0.0
090537HO,7,8,0,46.6666666667
090547HO,1,5,0,16.6666666667
090551HO,2,29,0,6.45161290323
090566HO,1,8,0,11.1111111111
090569HO,1,3,0,25.0
090581HO,3,17,0,15.0
090584HO,2,1,0,66.6666666667
090586HO,6,28,0,17.6470588235
090612HO,6,23,0,20.6896551724
090614HO,6,19,2,22.2222222222
090621HO,7,20,1,25.0
090627HO,0,2,0,0.0
090631HO,0,9,0,0.0
090640HO,0,3,0,0.0
090641HO,3,13,0,18.75
090644HO,1,1,0,50.0
090645HO,7,28,0,20.0
090648HO,1,6,0,14.2857142857
090652HO,1,4,0,20.0
090678HO,6,22,2,20.0
090680HO,7,29,0,19.4444444444
090683HO,1,3,0,25.0
090684HO,2,1,0,66.6666666667
090685HO,3,25,0,10.7142857143
090687HO,1,5,0,16.6666666667
090689HO,5,29,0,14.7058823529
090716HO,5,6,1,41.6666666667
090721HO,2,14,0,12.5
090737HO,6,25,0,19.3548387097
090740HO,4,12,0,25.0
090741HO,7,20,0,25.9259259259
090742HO,1,5,0,16.6666666667
090743HO,2,1,0,66.6666666667
090743JE,4,10,0,28.5714285714
090744HO,4,23,0,14.8148148148
090746HO,6,12,2,30.0
090759HO,8,23,0,25.8064516129
090766HO,9,20,0,31.0344827586
090768HO,8,33,0,19.512195122
090779HO,3,18,0,14.2857142857
090780HO,2,2,0,50.0
090782HO,0,3,0,0.0
090783HO,8,24,0,25.0
090796HO,8,20,0,28.5714285714
090797HO,2,3,0,40.0
090798HO,3,5,0,37.5
090812HO,7,25,0,21.875
090814HO,5,5,0,50.0
090816CP,2,30,0,6.25
090825HO,6,33,0,15.3846153846
090884HO,6,33,1,15.0
090895HO,3,24,0,11.1111111111
09092CA,3,0,0,100.0
09096CA,1,1,0,50.0
09097CA,1,4,0,20.0
099006CP,1,0,0,100.0
099008CP,1,3,0,25.0
099057CP,7,25,0,21.875
099163CP,0,2,0,0.0
099235CP,7,22,1,23.3333333333
099687CP,3,18,0,14.2857142857
099816CP,0,3,0,0.0
100000HO,0,2,0,0.0
100001CP,2,5,0,28.5714285714
100001HO,8,28,0,22.2222222222
100002HO,4,6,0,40.0
100003HO,10,29,0,25.641025641
100004HO,2,0,0,100.0
100005HO,3,2,0,60.0
100006HO,4,5,0,44.4444444444
100007HO,1,0,0,100.0
100008HO,3,6,0,33.3333333333
100009HO,6,31,0,16.2162162162
100010HO,2,4,0,33.3333333333
100011HO,3,17,0,15.0
100012HO,1,6,0,14.2857142857
100013CP,3,15,0,16.6666666667
100013HO,3,1,0,75.0
100014HO,7,24,0,22.5806451613
100015HO,3,20,0,13.0434782609
100016HO,3,5,0,37.5
100017HO,3,11,0,21.4285714286
100018HO,8,29,0,21.6216216216
100019HO,2,15,0,11.7647058824
100021HO,3,7,0,30.0
100022HO,4,4,0,50.0
100023HO,1,0,0,100.0
100024HO,10,26,1,27.027027027
100025HO,2,1,0,66.6666666667
100026HO,3,1,0,75.0
100027HO,2,7,0,22.2222222222
100028HO,3,12,0,20.0
100029HO,7,23,1,22.5806451613
100030HO,8,30,0,21.0526315789
100031HO,10,24,0,29.4117647059
100032HO,4,10,0,28.5714285714
100033HO,6,8,0,42.8571428571
100034HO,9,25,1,25.7142857143
100035HO,3,5,0,37.5
100036HO,5,18,1,20.8333333333
100037HO,5,36,0,12.1951219512
100038HO,7,19,1,25.9259259259
100040HO,9,16,0,36.0
100042HO,2,5,0,28.5714285714
100043HO,10,6,1,58.8235294118
100044HO,3,8,0,27.2727272727
100046JE,1,6,0,14.2857142857
100047HO,4,10,1,26.6666666667
100048CP,0,5,0,0.0
100048HO,4,34,0,10.5263157895
100049HO,0,4,0,0.0
100051CP,3,16,0,15.7894736842
100051HO,3,3,0,50.0
100052HO,2,2,0,50.0
100053JE,4,4,0,50.0
100054HO,4,9,0,30.7692307692
100055CP,3,3,0,50.0
100055HO,2,8,0,20.0
100056HO,3,2,0,60.0
100060HO,8,28,1,21.6216216216
100062HO,1,2,0,33.3333333333
100063HO,7,27,0,20.5882352941
100064HO,2,0,0,100.0
100065HO,1,3,0,25.0
100066HO,7,22,0,24.1379310345
100067HO,4,31,0,11.4285714286
100068HO,2,1,1,50.0
100069HO,2,1,0,66.6666666667
100070HO,2,0,0,100.0
100071HO,5,30,0,14.2857142857
100072HO,3,5,0,37.5
100073HO,3,7,0,30.0
100074HO,4,15,0,21.0526315789
100075HO,5,31,0,13.8888888889
100076HO,10,29,1,25.0
100077HO,2,6,0,25.0
100078HO,3,23,0,11.5384615385
100079HO,1,1,0,50.0
100080HO,6,24,0,20.0
100081HO,1,4,0,20.0
100082HO,8,27,0,22.8571428571
100083HO,5,12,0,29.4117647059
100085HO,11,25,0,30.5555555556
100086HO,3,19,0,13.6363636364
100087HO,3,3,0,50.0
100088HO,2,1,0,66.6666666667
100089HO,8,20,1,27.5862068966
100090HO,1,0,0,100.0
100091HO,8,24,0,25.0
100092HO,8,33,0,19.512195122
100093HO,2,5,0,28.5714285714
100094HO,5,29,0,14.7058823529
100096HO,8,26,0,23.5294117647
100097HO,5,24,0,17.2413793103
100098HO,8,29,0,21.6216216216
100099HO,4,17,0,19.0476190476
100100HO,3,7,0,30.0
100101HO,2,3,0,40.0
100102HO,2,7,0,22.2222222222
100103HO,3,11,1,20.0
100104HO,4,11,0,26.6666666667
100104ME,3,9,0,25.0
100105HO,2,0,0,100.0
100106HO,9,25,0,26.4705882353
100107HO,2,17,0,10.5263157895
100108HO,3,6,0,33.3333333333
100109HO,5,9,0,35.7142857143
100110HO,4,13,0,23.5294117647
100111HO,2,0,0,100.0
100113HO,3,2,0,60.0
100114JE,2,0,0,100.0
100115HO,1,0,0,100.0
100116JE,5,22,0,18.5185185185
100117HO,2,5,0,28.5714285714
100119CP,4,20,0,16.6666666667
100119JE,4,16,0,20.0
100120HO,2,2,0,50.0
100121HO,7,14,0,33.3333333333
100122HO,1,6,0,14.2857142857
100123HO,1,2,0,33.3333333333
100125HO,1,5,0,16.6666666667
100126HO,2,1,0,66.6666666667
100127JE,5,16,0,23.8095238095
100129HO,7,28,0,20.0
100130HO,4,2,1,57.1428571429
100131HO,2,5,1,25.0
100132HO,4,39,0,9.3023255814
100134HO,3,6,0,33.3333333333
100135CP,2,6,1,22.2222222222
100135HO,2,5,0,28.5714285714
100136HO,6,32,0,15.7894736842
100137HO,3,7,0,30.0
100138HO,2,7,1,20.0
100139HO,3,6,1,30.0
100140HO,3,4,0,42.8571428571
100142HO,2,5,0,28.5714285714
100143HO,1,7,0,12.5
100143ME,2,14,0,12.5
100147HO,1,4,0,20.0
100148HO,2,12,0,14.2857142857
100150HO,2,14,0,12.5
100151HO,3,0,0,100.0
100152HO,1,1,0,50.0
100154HO,3,21,0,12.5
100156HO,3,3,0,50.0
100157HO,7,23,0,23.3333333333
100158HO,2,8,0,20.0
100160HO,5,9,0,35.7142857143
100164HO,2,0,0,100.0
100167HO,4,15,0,21.0526315789
100170HO,3,3,0,50.0
100175HO,1,1,0,50.0
100178HO,7,26,0,21.2121212121
100179HO,1,4,0,20.0
100184HO,2,1,0,66.6666666667
100185HO,2,0,0,100.0
100186HO,1,0,0,100.0
100191HO,1,3,0,25.0
100193HO,3,0,0,100.0
100195HO,4,20,0,16.6666666667
100196HO,8,21,0,27.5862068966
100197HO,6,26,0,18.75
100199HO,3,2,0,60.0
100200HO,6,26,0,18.75
100201HO,5,6,1,41.6666666667
100202HO,7,23,1,22.5806451613
100203HO,4,10,1,26.6666666667
100204HO,1,3,0,25.0
100206HO,2,11,0,15.3846153846
100207HO,2,2,0,50.0
100207ME,1,1,0,50.0
100208HO,5,24,0,17.2413793103
100209HO,8,26,1,22.8571428571
100213HO,2,0,0,100.0
100215CP,4,32,0,11.1111111111
100215HO,1,1,0,50.0
100218HO,5,15,0,25.0
100225HO,6,17,1,25.0
100226HO,3,5,1,33.3333333333
100232HO,7,23,0,23.3333333333
100234HO,4,6,0,40.0
100235HO,4,6,0,40.0
100237HO,3,6,1,30.0
100238HO,2,4,0,33.3333333333
100242CP,6,24,0,20.0
100245CP,5,23,0,17.8571428571
100246CP,5,26,1,15.625
100247CP,3,13,0,18.75
100249CP,2,21,1,8.33333333333
100254HO,2,1,0,66.6666666667
100255HO,6,16,0,27.2727272727
100256HO,9,25,0,26.4705882353
100258HO,4,26,0,13.3333333333
100264CP,6,24,1,19.3548387097
100268HO,4,1,0,80.0
100278CP,4,26,0,13.3333333333
100280HO,1,1,0,50.0
100291HO,1,3,0,25.0
100297HO,6,13,0,31.5789473684
100299HO,1,1,0,50.0
100301HO,4,11,0,26.6666666667
100309CP,5,12,0,29.4117647059
100317HO,1,3,0,25.0
100320HO,9,22,1,28.125
100321HO,1,3,0,25.0
100322HO,1,6,0,14.2857142857
100328HO,8,7,0,53.3333333333
100332HO,1,1,0,50.0
100337CP,6,22,0,21.4285714286
100338HO,7,27,0,20.5882352941
100339CP,2,4,0,33.3333333333
100340HO,3,27,0,10.0
100344HO,0,3,0,0.0
100347HO,9,24,2,25.7142857143
100351CP,5,20,1,19.2307692308
100351HO,1,7,0,12.5
100352CP,7,25,1,21.2121212121
100352HO,5,21,0,19.2307692308
100369HO,1,1,0,50.0
100370HO,5,15,1,23.8095238095
100373HO,3,15,0,16.6666666667
100377HO,7,25,0,21.875
100387HO,8,28,1,21.6216216216
100388HO,6,9,0,40.0
100389HO,6,15,0,28.5714285714
100393HO,0,1,0,0.0
100394HO,3,3,0,50.0
100402HO,1,2,0,33.3333333333
100406HO,3,3,0,50.0
100412HO,7,30,0,18.9189189189
100413HO,3,14,0,17.6470588235
100417HO,7,21,0,25.0
100419HO,2,3,0,40.0
100423HO,6,24,0,20.0
100424HO,1,7,0,12.5
100425HO,5,21,1,18.5185185185
100426HO,0,3,0,0.0
100429HO,1,2,0,33.3333333333
100430HO,4,11,0,26.6666666667
100431HO,2,1,0,66.6666666667
100433HO,1,1,0,50.0
100434HO,2,1,0,66.6666666667
100435HO,9,28,0,24.3243243243
100436HO,1,5,0,16.6666666667
100437HO,3,12,1,18.75
100438HO,4,2,0,66.6666666667
100439HO,2,0,0,100.0
100440HO,8,19,0,29.6296296296
100441HO,3,17,0,15.0
100442HO,2,0,0,100.0
100443HO,2,0,0,100.0
100448HO,5,15,0,25.0
100449HO,0,3,0,0.0
100450HO,4,17,1,18.1818181818
100451HO,9,16,0,36.0
100452HO,4,14,0,22.2222222222
100458HO,5,18,0,21.7391304348
100459HO,1,3,0,25.0
100460HO,5,12,1,27.7777777778
100461HO,8,23,1,25.0
100463HO,1,6,0,14.2857142857
100464HO,1,8,0,11.1111111111
100476HO,7,26,0,21.2121212121
100480HO,1,5,0,16.6666666667
100481H,1,0,0,100.0
100481HO,2,20,0,9.09090909091
100485HO,3,4,0,42.8571428571
100487HO,1,2,0,33.3333333333
100489HO,1,2,0,33.3333333333
100496HO,1,0,0,100.0
100497HO,7,28,0,20.0
100498HO,5,22,0,18.5185185185
100504HO,4,7,0,36.3636363636
100505HO,5,36,0,12.1951219512
100509HO,2,9,0,18.1818181818
100510HO,4,3,0,57.1428571429
10051CP,2,3,0,40.0
100520HO,1,5,0,16.6666666667
100521HO,1,0,0,100.0
100526HO,1,2,0,33.3333333333
100527HO,2,1,1,50.0
100529HO,7,29,1,18.9189189189
100530HO,4,17,0,19.0476190476
100532HO,2,4,0,33.3333333333
100534HO,3,14,0,17.6470588235
100539HO,4,16,0,20.0
100540HO,4,24,1,13.7931034483
100542HO,1,4,0,20.0
100544HO,7,26,0,21.2121212121
100551HO,4,16,0,20.0
100552HO,1,2,0,33.3333333333
100557HO,0,4,0,0.0
100561HO,1,2,0,33.3333333333
100563HO,7,19,1,25.9259259259
100564HO,2,3,0,40.0
100576HO,2,5,0,28.5714285714
100600HO,2,4,1,28.5714285714
100602HO,9,28,0,24.3243243243
100603HO,1,5,0,16.6666666667
100618HO,2,2,0,50.0
100620HO,1,3,0,25.0
100621HO,8,27,0,22.8571428571
100622HO,6,25,0,19.3548387097
100625HO,3,7,0,30.0
100626HO,6,18,0,25.0
100629HO,2,3,0,40.0
100649HO,2,9,0,18.1818181818
100661HO,8,36,0,18.1818181818
100665HO,2,0,0,100.0
100669HO,3,16,0,15.7894736842
100671HO,8,27,0,22.8571428571
100674HO,5,7,0,41.6666666667
100678HO,8,25,0,24.2424242424
100681HO,7,29,0,19.4444444444
100682HO,2,8,0,20.0
100685HO,10,20,0,33.3333333333
100705HO,1,2,0,33.3333333333
100707HO,1,6,0,14.2857142857
100708HO,11,17,0,39.2857142857
100721HO,2,4,0,33.3333333333
100738HO,2,1,0,66.6666666667
100743HO,3,4,0,42.8571428571
100744HO,5,20,0,20.0
100745HO,2,10,0,16.6666666667
100747HO,8,22,0,26.6666666667
100764HO,5,24,2,16.1290322581
100767HO,8,29,2,20.5128205128
100769HO,10,31,0,24.3902439024
100770HO,5,6,2,38.4615384615
100783HO,3,15,0,16.6666666667
100785HO,2,2,0,50.0
100786HO,3,7,0,30.0
100787HO,1,0,0,100.0
100788HO,7,26,0,21.2121212121
100789HO,2,5,1,25.0
100807HO,1,1,0,50.0
100810HO,1,4,0,20.0
100811HO,1,1,0,50.0
100816HO,1,8,0,11.1111111111
100824HO,3,3,0,50.0
100827HO,2,15,0,11.7647058824
100844HO,8,33,0,19.512195122
100845HO,7,31,1,17.9487179487
100853HO,6,11,1,33.3333333333
100856HO,2,3,0,40.0
100859HO,6,25,0,19.3548387097
100870HO,2,3,0,40.0
100886HO,4,4,1,44.4444444444
100887HO,6,16,0,27.2727272727
100889HO,6,22,0,21.4285714286
100890HO,7,20,0,25.9259259259
100898HO,3,1,1,60.0
100901HO,1,2,0,33.3333333333
100902HO,5,14,0,26.3157894737
100935HO,8,20,0,28.5714285714
100937HO,3,17,0,15.0
100939HO,1,1,0,50.0
100941HO,6,24,0,20.0
100948HO,9,21,1,29.0322580645
100949HO,5,12,1,27.7777777778
100953HO,3,5,0,37.5
100955HO,4,7,0,36.3636363636
100958HO,1,2,0,33.3333333333
101000HO,2,6,0,25.0
101004HO,8,29,0,21.6216216216
101005HO,5,1,0,83.3333333333
101084CP,8,31,0,20.5128205128
110000HO,7,23,0,23.3333333333
110003CA,3,10,0,23.0769230769
110008JE,2,3,0,40.0
110009HO,6,24,0,20.0
110012HO,2,4,0,33.3333333333
110014HO,1,1,0,50.0
110015HO,2,2,0,50.0
110016HO,1,1,1,33.3333333333
110017HO,3,14,0,17.6470588235
110018HO,7,18,0,28.0
110019HO,4,12,0,25.0
110020HO,1,10,0,9.09090909091
110021HO,2,25,0,7.40740740741
110022JE,1,3,0,25.0
110023HO,2,9,0,18.1818181818
110024HO,1,2,0,33.3333333333
110025HO,1,1,0,50.0
110026JE,4,11,1,25.0
110027HO,4,34,0,10.5263157895
110028HO,4,24,0,14.2857142857
110029HO,6,24,0,20.0
110032HO,1,0,0,100.0
110033HO,4,32,0,11.1111111111
110034HO,2,1,0,66.6666666667
110035HO,6,20,0,23.0769230769
110036HO,3,6,0,33.3333333333
110037HO,10,26,1,27.027027027
110038HO,3,11,0,21.4285714286
110040HO,4,16,0,20.0
110041HO,9,18,0,33.3333333333
110044HO,5,29,0,14.7058823529
110045HO,5,29,0,14.7058823529
110046HO,2,6,0,25.0
110047HO,3,2,1,50.0
110049HO,1,0,0,100.0
110049JE,4,21,1,15.3846153846
110050JE,5,14,1,25.0
110052HO,2,2,0,50.0
110053HO,4,15,0,21.0526315789
110054HO,8,31,0,20.5128205128
110056HO,2,11,0,15.3846153846
110057HO,1,9,0,10.0
110057JE,0,3,0,0.0
110058HO,4,16,1,19.0476190476
110059HO,11,23,2,30.5555555556
110060JE,6,29,0,17.1428571429
110061HO,2,6,0,25.0
110062HO,1,1,0,50.0
110063HO,1,0,1,50.0
110064HO,4,11,0,26.6666666667
110065HO,6,20,0,23.0769230769
110066HO,7,20,1,25.0
110067HO,2,4,0,33.3333333333
110069HO,3,4,1,37.5
110070HO,7,26,0,21.2121212121
110071HO,1,8,0,11.1111111111
110075HO,3,7,0,30.0
110076HO,2,10,0,16.6666666667
110078HO,3,14,0,17.6470588235
110081HO,4,6,0,40.0
110082HO,2,6,0,25.0
110084HO,1,6,0,14.2857142857
110096HO,6,22,0,21.4285714286
110098HO,2,2,0,50.0
110100HO,7,18,0,28.0
110102HO,2,16,0,11.1111111111
110106HO,8,14,0,36.3636363636
110114HO,8,23,1,25.0
110115HO,1,5,0,16.6666666667
110115ME,3,8,0,27.2727272727
110116HO,6,22,0,21.4285714286
110118HO,5,28,0,15.1515151515
110120HO,5,22,0,18.5185185185
110126HO,3,35,0,7.89473684211
110128HO,6,30,0,16.6666666667
110135HO,2,16,0,11.1111111111
110136HO,4,21,0,16.0
110139HO,1,7,0,12.5
110139ME,3,13,0,18.75
110141HO,4,23,0,14.8148148148
110142HO,2,16,0,11.1111111111
110154HO,2,17,0,10.5263157895
110155HO,6,26,1,18.1818181818
110157HO,3,0,0,100.0
110158HO,1,13,0,7.14285714286
110160HO,8,21,0,27.5862068966
110164HO,5,18,0,21.7391304348
110165HO,6,15,0,28.5714285714
110166HO,2,7,0,22.2222222222
110168HO,7,15,2,29.1666666667
110177HO,4,13,0,23.5294117647
110178HO,3,11,0,21.4285714286
110179HO,5,8,0,38.4615384615
110182HO,1,0,0,100.0
110183HO,6,24,0,20.0
110185HO,5,21,0,19.2307692308
110188HO,7,30,0,18.9189189189
110190HO,1,2,0,33.3333333333
110192HO,2,11,1,14.2857142857
110198HO,4,8,0,33.3333333333
110199HO,5,17,0,22.7272727273
110203HO,7,17,1,28.0
110204ME,2,9,0,18.1818181818
110205HO,7,24,0,22.5806451613
110207HO,2,12,0,14.2857142857
110208HO,5,24,0,17.2413793103
110209HO,2,4,0,33.3333333333
110212HO,7,23,1,22.5806451613
110212ME,1,1,0,50.0
110214HO,2,15,0,11.7647058824
110217HO,1,3,0,25.0
110220HO,7,24,0,22.5806451613
110221HO,5,24,1,16.6666666667
110229HO,2,16,0,11.1111111111
110232HO,1,6,0,14.2857142857
110236HO,4,29,1,11.7647058824
110245HO,4,10,0,28.5714285714
110250HO,2,15,0,11.7647058824
110252HO,4,9,0,30.7692307692
110253HO,1,17,0,5.55555555556
110256HO,5,22,0,18.5185185185
110257HO,5,24,0,17.2413793103
110259HO,7,19,0,26.9230769231
110260HO,3,9,0,25.0
110264HO,2,2,0,50.0
110269HO,1,13,0,7.14285714286
110275HO,7,19,1,25.9259259259
110280HO,4,4,0,50.0
110281HO,1,5,0,16.6666666667
110282HO,2,25,0,7.40740740741
110287HO,6,25,0,19.3548387097
110290HO,2,2,1,40.0
110291HO,7,23,0,23.3333333333
110298HO,5,10,0,33.3333333333
110304HO,4,26,0,13.3333333333
110305HO,4,12,1,23.5294117647
110307HO,1,0,1,50.0
110314HO,4,27,0,12.9032258065
110316HO,5,32,0,13.5135135135
110319HO,4,11,0,26.6666666667
110329HO,5,29,0,14.7058823529
110335HO,6,33,0,15.3846153846
110337HO,7,29,1,18.9189189189
110338HO,4,7,0,36.3636363636
110339HO,5,11,0,31.25
110340HO,1,2,0,33.3333333333
110341JE,2,10,0,16.6666666667
110342HO,8,23,0,25.8064516129
110343HO,5,29,0,14.7058823529
110355HO,2,10,0,16.6666666667
110358HO,2,10,0,16.6666666667
110359HO,8,24,0,25.0
110360HO,7,21,0,25.0
110367HO,6,22,0,21.4285714286
110370HO,6,23,0,20.6896551724
110376HO,5,12,2,26.3157894737
110382HO,5,26,0,16.1290322581
110406HO,6,18,0,25.0
110410HO,4,22,0,15.3846153846
110412JE,5,20,0,20.0
110413HO,5,15,0,25.0
110417HO,6,21,0,22.2222222222
110424HO,7,25,0,21.875
110426HO,5,29,0,14.7058823529
110438HO,3,18,0,14.2857142857
110439AG,1,2,0,33.3333333333
110439HO,5,20,0,20.0
110442HO,3,8,1,25.0
110443HO,5,8,1,35.7142857143
110450HO,5,21,0,19.2307692308
110454HO,6,22,1,20.6896551724
110462HO,1,6,0,14.2857142857
110474,0,1,0,0.0
110474HO,5,28,1,14.7058823529
110484HO,3,9,0,25.0
110485HO,3,12,0,20.0
110487HO,6,23,0,20.6896551724
110491HO,1,4,0,20.0
110513HO,6,24,0,20.0
110515HO,1,7,0,12.5
110519HO,6,16,0,27.2727272727
110520HO,8,22,0,26.6666666667
110522HO,3,13,0,18.75
110531HO,1,16,0,5.88235294118
110532HO,5,25,0,16.6666666667
110533HO,7,19,0,26.9230769231
110534HO,2,5,0,28.5714285714
110539HO,5,15,0,25.0
110543HO,2,12,0,14.2857142857
110547JE,5,18,1,20.8333333333
110554HO,3,12,0,20.0
110555HO,6,21,0,22.2222222222
110562HO,4,17,0,19.0476190476
110563HO,3,9,0,25.0
110579HO,4,8,0,33.3333333333
110580HO,4,10,1,26.6666666667
110587HO,7,29,0,19.4444444444
110589HO,5,19,0,20.8333333333
110591HO,1,7,0,12.5
110609HO,3,12,0,20.0
110613HO,3,10,0,23.0769230769
110614HO,2,3,0,40.0
110615HO,2,12,0,14.2857142857
110617HO,6,26,0,18.75
110636HO,3,22,0,12.0
110639HO,3,18,1,13.6363636364
110640HO,1,0,1,50.0
110644HO,2,8,0,20.0
110654HO,6,28,1,17.1428571429
110657HO,1,5,0,16.6666666667
110658HO,3,22,0,12.0
110659HO,6,28,0,17.6470588235
110660HO,3,7,0,30.0
110662HO,5,26,0,16.1290322581
110664HO,4,12,1,23.5294117647
110668HO,9,13,1,39.1304347826
110669HO,4,16,0,20.0
110670HO,2,9,0,18.1818181818
110671HO,1,6,0,14.2857142857
110674HO,5,18,1,20.8333333333
110687HO,4,15,1,20.0
110688HO,2,18,0,10.0
110691HO,9,23,0,28.125
110693HO,3,8,0,27.2727272727
110697HO,4,28,0,12.5
110698HO,7,25,0,21.875
110705HO,7,28,0,20.0
110707AG,1,0,0,100.0
110707HO,5,19,0,20.8333333333
110708HO,7,18,0,28.0
110712HO,5,25,0,16.6666666667
110728HO,10,24,0,29.4117647059
110735HO,3,11,1,20.0
110737HO,6,16,0,27.2727272727
110742HO,7,21,0,25.0
110745HO,5,21,1,18.5185185185
110747HO,1,4,0,20.0
110754HO,3,20,0,13.0434782609
110769HO,4,32,0,11.1111111111
110770HO,2,14,0,12.5
110775HO,3,6,0,33.3333333333
110783HO,5,20,0,20.0
110786HO,6,25,0,19.3548387097
110794HO,5,27,1,15.1515151515
110797HO,7,25,0,21.875
110802HO,4,14,1,21.0526315789
110807HO,4,11,1,25.0
110810HO,6,26,0,18.75
110811HO,5,25,0,16.6666666667
110813HO,3,15,0,16.6666666667
110814HO,3,7,1,27.2727272727
110819HO,7,22,0,24.1379310345
110820HO,5,20,3,17.8571428571
110829HO,4,11,0,26.6666666667
110832HO,7,20,1,25.0
110835HO,2,4,0,33.3333333333
110837HO,6,24,0,20.0
110838HO,8,23,0,25.8064516129
110840HO,1,3,0,25.0
110841HO,7,21,0,25.0
110842HO,7,26,0,21.2121212121
110848HO,5,8,0,38.4615384615
110853HO,7,22,0,24.1379310345
110854HO,7,19,0,26.9230769231
110855HO,1,1,0,50.0
110856HO,3,6,1,30.0
110859HO,5,22,0,18.5185185185
110860HO,6,23,0,20.6896551724
110866HO,6,21,1,21.4285714286
110867HO,7,22,0,24.1379310345
110870HO,2,2,0,50.0
110873HO,6,28,0,17.6470588235
110874HO,5,18,0,21.7391304348
110877HO,5,26,0,16.1290322581
110879HO,6,21,0,22.2222222222
110883HO,5,25,0,16.6666666667
110887HO,6,23,0,20.6896551724
110894HO,2,13,0,13.3333333333
110895HO,1,6,0,14.2857142857
110896HO,8,32,0,20.0
110897HO,1,0,1,50.0
110901HO,8,27,0,22.8571428571
110903HO,6,22,0,21.4285714286
110904HO,3,13,0,18.75
110915HO,6,21,0,22.2222222222
110919HO,3,2,1,50.0
110923HO,1,13,0,7.14285714286
110924HO,2,6,0,25.0
110926HO,3,7,1,27.2727272727
110930HO,7,22,0,24.1379310345
110931HO,5,29,0,14.7058823529
110936HO,3,21,0,12.5
110939HO,1,1,0,50.0
110940HO,3,6,0,33.3333333333
110945HO,5,22,0,18.5185185185
110946HO,2,12,0,14.2857142857
110949HO,3,8,0,27.2727272727
110957HO,6,22,0,21.4285714286
110961HO,2,17,0,10.5263157895
110967HO,4,19,1,16.6666666667
110968HO,4,9,0,30.7692307692
110969HO,7,25,0,21.875
110970HO,4,17,0,19.0476190476
110971HO,4,29,0,12.1212121212
110972HO,7,24,0,22.5806451613
110975HO,7,21,0,25.0
110979HO,2,14,0,12.5
110982HO,2,13,0,13.3333333333
110986HO,5,27,0,15.625
110990HO,4,15,0,21.0526315789
111003HO,5,17,0,22.7272727273
111005HO,7,31,0,18.4210526316
111016HO,7,25,0,21.875
111019HO,6,20,0,23.0769230769
111024HO,7,22,0,24.1379310345
111029HO,3,8,0,27.2727272727
111031HO,7,24,0,22.5806451613
111049HO,5,16,0,23.8095238095
111050HO,6,14,1,28.5714285714
111053HO,5,11,0,31.25
111054HO,7,23,0,23.3333333333
111058HO,0,3,0,0.0
111068HO,4,24,0,14.2857142857
111070HO,6,19,0,24.0
111073HO,8,22,0,26.6666666667
111084HO,7,24,0,22.5806451613
111097HO,7,26,0,21.2121212121
111106HO,7,21,0,25.0
111109HO,6,21,0,22.2222222222
111120HO,1,2,0,33.3333333333
111124HO,4,10,0,28.5714285714
111126HO,6,21,0,22.2222222222
111131HO,6,23,0,20.6896551724
111142HO,7,27,0,20.5882352941
113389SD,4,24,0,14.2857142857
113406SD,2,7,0,22.2222222222
113422SD,5,21,0,19.2307692308
113481SD,0,15,0,0.0
113489SD,1,8,0,11.1111111111
113603SD,5,20,1,19.2307692308
113639SD,1,10,0,9.09090909091
113718SD,4,22,0,15.3846153846
113743SD,2,28,0,6.66666666667
113762SD,5,19,1,20.0
113771SD,4,12,0,25.0
113796SD,1,3,1,20.0
113800SD,3,15,0,16.6666666667
113823SD,5,27,0,15.625
113832SD,1,12,0,7.69230769231
113838SD,4,20,0,16.6666666667
113841SD,5,23,1,17.2413793103
113884SD,6,22,0,21.4285714286
113886SD,5,26,0,16.1290322581
113932SD,2,10,0,16.6666666667
113938SD,1,4,0,20.0
113942SD,4,18,0,18.1818181818
113953SD,1,11,0,8.33333333333
113967SD,5,24,0,17.2413793103
113969SD,3,27,0,10.0
113974SD,1,5,0,16.6666666667
113980SD,5,24,0,17.2413793103
113986SD,5,21,0,19.2307692308
113996SD,1,10,0,9.09090909091
114001SD,6,16,1,26.0869565217
114004SD,3,27,0,10.0
114005SD,1,11,0,8.33333333333
114010SD,5,19,0,20.8333333333
114017SD,0,6,0,0.0
114021SD,7,20,0,25.9259259259
114025SD,6,13,1,30.0
114029SD,5,19,0,20.8333333333
114031SD,4,30,1,11.4285714286
114034SD,2,11,0,15.3846153846
114036SD,4,21,0,16.0
114040SD,1,5,0,16.6666666667
114044SD,6,16,1,26.0869565217
114046SD,4,14,0,22.2222222222
114052SD,2,20,1,8.69565217391
114054SD,9,24,0,27.2727272727
114060SD,4,16,1,19.0476190476
114061SD,5,20,1,19.2307692308
114071SD,5,25,0,16.6666666667
114082SD,3,23,0,11.5384615385
114085SD,5,20,0,20.0
114088SD,4,17,0,19.0476190476
114089SD,5,16,1,22.7272727273
114090SD,3,24,0,11.1111111111
114092SD,1,13,0,7.14285714286
114093SD,4,19,0,17.3913043478
114109SD,4,27,0,12.9032258065
114113SD,3,25,0,10.7142857143
114115SD,2,19,0,9.52380952381
114121SD,3,23,0,11.5384615385
114127SD,5,22,0,18.5185185185
114133SD,1,12,0,7.69230769231
114138SD,2,13,0,13.3333333333
114139SD,2,6,0,25.0
114141SD,4,27,0,12.9032258065
114153SD,4,21,0,16.0
114155SD,5,24,0,17.2413793103
114161SD,5,11,2,27.7777777778
114171SD,4,22,0,15.3846153846
114172SD,5,26,1,15.625
114173SD,4,22,0,15.3846153846
114181SD,6,24,1,19.3548387097
114183SD,2,21,0,8.69565217391
114187SD,1,6,0,14.2857142857
114192SD,5,17,0,22.7272727273
114194SD,6,25,0,19.3548387097
114195SD,4,21,0,16.0
114200SD,5,16,0,23.8095238095
114220SD,6,19,0,24.0
114232SD,5,24,0,17.2413793103
114237SD,4,17,0,19.0476190476
114269SD,1,14,0,6.66666666667
114273SD,5,18,0,21.7391304348
114284SD,9,22,2,27.2727272727
114290SD,3,28,0,9.67741935484
114294SD,5,22,0,18.5185185185
114297SD,6,22,0,21.4285714286
114317SD,2,12,0,14.2857142857
114336SD,1,2,0,33.3333333333
120001CA,8,24,0,25.0
120001HO,1,0,0,100.0
120001SD,2,24,0,7.69230769231
120002SD,1,13,0,7.14285714286
120003HO,6,22,0,21.4285714286
120004CA,5,19,0,20.8333333333
120004HO,6,16,0,27.2727272727
120004SD,6,18,1,24.0
120005HO,4,18,0,18.1818181818
120006CA,0,11,0,0.0
120006HO,6,23,0,20.6896551724
120007CA,4,17,1,18.1818181818
120007SD,1,5,0,16.6666666667
120008CA,3,15,2,15.0
120008SD,5,29,0,14.7058823529
120009CA,5,23,0,17.8571428571
120009HO,4,11,0,26.6666666667
120009SD,7,19,0,26.9230769231
120010CA,6,20,0,23.0769230769
120011HO,2,2,0,50.0
120011SD,2,5,1,25.0
120013SD,4,24,0,14.2857142857
120014SD,5,17,0,22.7272727273
120015HO,4,21,0,16.0
120016HO,1,1,0,50.0
120018HO,6,20,0,23.0769230769
120020HO,3,6,0,33.3333333333
120021HO,3,5,0,37.5
120021SD,6,22,1,20.6896551724
120022SD,4,23,0,14.8148148148
120023HO,7,21,0,25.0
120023SD,4,26,1,12.9032258065
120024HO,5,20,0,20.0
120024SD,4,20,0,16.6666666667
120025SD,4,27,0,12.9032258065
120026HO,4,23,0,14.8148148148
